TransactionID,CustomerID,TransactionDate,OrderValue,ItemsCount,Category
TX103176,C0674,2025-01-08 00:00:00,73.51,1,Electronics
TX104202,C0910,2025-01-08 00:00:00,191.45,10,Apparel
TX103062,C0652,2025-01-16 00:00:00,72.8,5,Apparel
TX104529,C0978,2025-01-18 00:00:00,320.06,4,Apparel
TX101963,C0428,2025-01-26 00:00:00,142.03,7,Electronics
TX104029,C0874,2025-01-26 00:00:00,192.02,9,Sports & Outdoors
TX104000,C0869,2025-01-28 00:00:00,255.88,10,Apparel
TX100327,C0076,2025-01-29 00:00:00,117.21,9,Home & Kitchen
TX101167,C0259,2025-01-30 00:00:00,233.21,7,Electronics
TX104367,C0949,2025-01-30 00:00:00,69.94,5,Apparel
TX103447,C0734,2025-02-02 00:00:00,191.55,6,Electronics
TX102574,C0545,2025-02-03 00:00:00,499.04,3,Home & Kitchen
TX100588,C0134,2025-02-05 00:00:00,26.02,4,Apparel
TX104204,C0910,2025-02-06 00:00:00,245.72,8,Electronics
TX100386,C0094,2025-02-13 00:00:00,375.89,3,Beauty & Personal Care
TX102570,C0542,2025-02-14 00:00:00,108.24,3,Books
TX102601,C0549,2025-02-15 00:00:00,427.83,10,Books
TX101356,C0305,2025-02-16 00:00:00,116.59,10,Home & Kitchen
TX100340,C0080,2025-02-19 00:00:00,79.05,2,Beauty & Personal Care
TX101262,C0280,2025-02-19 00:00:00,89.07,1,Apparel
TX103449,C0734,2025-02-19 00:00:00,117.9,10,Apparel
TX100159,C0043,2025-02-23 00:00:00,53.93,3,Books
TX102337,C0497,2025-02-24 00:00:00,266.83,8,Electronics
TX101261,C0280,2025-02-25 00:00:00,213.07,6,Electronics
TX100326,C0075,2025-02-26 00:00:00,16.97,1,Beauty & Personal Care
TX102345,C0497,2025-02-26 00:00:00,196.72,8,Home & Kitchen
TX100733,C0165,2025-02-28 00:00:00,109.27,6,Apparel
TX103335,C0708,2025-02-28 00:00:00,66.04,3,Home & Kitchen
TX103705,C0794,2025-02-28 00:00:00,242.76,6,Electronics
TX100160,C0043,2025-03-01 00:00:00,60.55,2,Beauty & Personal Care
TX104375,C0950,2025-03-01 00:00:00,157.39,6,Beauty & Personal Care
TX101608,C0355,2025-03-02 00:00:00,80.46,2,Home & Kitchen
TX103098,C0661,2025-03-02 00:00:00,151.61,10,Apparel
TX104158,C0896,2025-03-02 00:00:00,115.13,5,Home & Kitchen
TX102679,C0573,2025-03-04 00:00:00,56.51,1,Apparel
TX103434,C0730,2025-03-05 00:00:00,31.92,4,Sports & Outdoors
TX101119,C0248,2025-03-06 00:00:00,66.09,5,Apparel
TX101606,C0355,2025-03-06 00:00:00,57.42,4,Electronics
TX103082,C0657,2025-03-06 00:00:00,113.81,3,Electronics
TX104490,C0973,2025-03-06 00:00:00,169.28,9,Books
TX100541,C0123,2025-03-08 00:00:00,62.49,2,Apparel
TX102594,C0549,2025-03-09 00:00:00,285.2,10,Electronics
TX104547,C0983,2025-03-09 00:00:00,78.17,5,Books
TX104527,C0978,2025-03-10 00:00:00,237.56,9,Apparel
TX100734,C0165,2025-03-13 00:00:00,103.65,4,Apparel
TX100156,C0042,2025-03-14 00:00:00,39.31,5,Electronics
TX104394,C0955,2025-03-14 00:00:00,100.14,4,Apparel
TX101234,C0275,2025-03-15 00:00:00,65.39,2,Apparel
TX104382,C0951,2025-03-15 00:00:00,24.88,5,Electronics
TX103038,C0642,2025-03-16 00:00:00,21.63,5,Apparel
TX101314,C0290,2025-03-17 00:00:00,114.99,4,Beauty & Personal Care
TX101550,C0341,2025-03-17 00:00:00,35.88,4,Apparel
TX101609,C0356,2025-03-17 00:00:00,60.72,1,Books
TX103613,C0771,2025-03-18 00:00:00,191.0,4,Electronics
TX100387,C0094,2025-03-19 00:00:00,391.74,6,Apparel
TX100746,C0169,2025-03-19 00:00:00,26.73,2,Apparel
TX101100,C0246,2025-03-19 00:00:00,130.35,8,Electronics
TX100738,C0166,2025-03-20 00:00:00,53.71,2,Home & Kitchen
TX102581,C0545,2025-03-20 00:00:00,432.98,7,Electronics
TX103097,C0661,2025-03-20 00:00:00,311.83,9,Home & Kitchen
TX104004,C0869,2025-03-20 00:00:00,208.08,10,Books
TX100083,C0021,2025-03-21 00:00:00,81.15,5,Apparel
TX100241,C0058,2025-03-21 00:00:00,201.92,7,Apparel
TX100329,C0076,2025-03-21 00:00:00,86.11,5,Books
TX100366,C0090,2025-03-21 00:00:00,83.39,4,Apparel
TX104350,C0946,2025-03-21 00:00:00,33.09,5,Sports & Outdoors
TX100618,C0139,2025-03-22 00:00:00,119.03,6,Sports & Outdoors
TX100876,C0194,2025-03-22 00:00:00,28.46,1,Apparel
TX104203,C0910,2025-03-22 00:00:00,207.7,4,Books
TX100026,C0007,2025-03-23 00:00:00,218.09,6,Apparel
TX102282,C0484,2025-03-23 00:00:00,155.17,3,Apparel
TX102600,C0549,2025-03-23 00:00:00,190.54,7,Beauty & Personal Care
TX101392,C0312,2025-03-24 00:00:00,89.0,1,Electronics
TX100998,C0224,2025-03-25 00:00:00,241.95,4,Apparel
TX102585,C0546,2025-03-25 00:00:00,44.01,3,Apparel
TX100099,C0024,2025-03-26 00:00:00,167.95,8,Electronics
TX104156,C0896,2025-03-26 00:00:00,32.93,5,Apparel
TX102005,C0437,2025-03-28 00:00:00,199.58,3,Apparel
TX100996,C0224,2025-03-29 00:00:00,205.05,3,Electronics
TX102562,C0540,2025-03-30 00:00:00,119.31,7,Electronics
TX102606,C0549,2025-03-30 00:00:00,327.59,4,Beauty & Personal Care
TX104380,C0950,2025-03-30 00:00:00,211.49,8,Books
TX103095,C0661,2025-03-31 00:00:00,410.35,6,Sports & Outdoors
TX101994,C0436,2025-04-01 00:00:00,117.03,8,Beauty & Personal Care
TX101160,C0259,2025-04-03 00:00:00,133.26,6,Apparel
TX103014,C0637,2025-04-03 00:00:00,66.8,1,Apparel
TX103157,C0667,2025-04-03 00:00:00,150.97,10,Apparel
TX102561,C0540,2025-04-04 00:00:00,87.37,3,Electronics
TX103084,C0658,2025-04-04 00:00:00,65.94,2,Beauty & Personal Care
TX102314,C0490,2025-04-05 00:00:00,86.63,5,Books
TX104025,C0874,2025-04-07 00:00:00,69.48,1,Home & Kitchen
TX101458,C0321,2025-04-08 00:00:00,74.04,4,Electronics
TX102568,C0542,2025-04-08 00:00:00,83.09,2,Apparel
TX104519,C0978,2025-04-08 00:00:00,190.06,10,Apparel
TX104540,C0982,2025-04-09 00:00:00,60.37,4,Electronics
TX102391,C0506,2025-04-11 00:00:00,29.95,3,Electronics
TX101326,C0294,2025-04-12 00:00:00,32.67,2,Apparel
TX101549,C0341,2025-04-12 00:00:00,52.24,1,Home & Kitchen
TX104530,C0978,2025-04-12 00:00:00,165.87,9,Home & Kitchen
TX103034,C0642,2025-04-13 00:00:00,59.19,2,Sports & Outdoors
TX101329,C0295,2025-04-14 00:00:00,45.02,5,Electronics
TX104588,C0990,2025-04-14 00:00:00,165.63,5,Apparel
TX102877,C0609,2025-04-15 00:00:00,94.9,3,Home & Kitchen
TX102906,C0614,2025-04-16 00:00:00,338.68,3,Beauty & Personal Care
TX103092,C0661,2025-04-16 00:00:00,182.01,8,Sports & Outdoors
TX103323,C0705,2025-04-16 00:00:00,77.62,4,Home & Kitchen
TX101378,C0309,2025-04-17 00:00:00,175.35,10,Apparel
TX102342,C0497,2025-04-18 00:00:00,428.67,3,Electronics
TX102348,C0497,2025-04-18 00:00:00,495.86,3,Beauty & Personal Care
TX103451,C0735,2025-04-18 00:00:00,106.02,9,Books
TX103914,C0842,2025-04-18 00:00:00,211.49,9,Home & Kitchen
TX101916,C0419,2025-04-19 00:00:00,215.83,4,Apparel
TX103643,C0779,2025-04-21 00:00:00,44.86,5,Electronics
TX103694,C0793,2025-04-21 00:00:00,197.59,8,Apparel
TX103903,C0840,2025-04-21 00:00:00,104.05,8,Books
TX104298,C0933,2025-04-21 00:00:00,95.35,5,Sports & Outdoors
TX101843,C0405,2025-04-22 00:00:00,52.45,3,Books
TX102160,C0465,2025-04-22 00:00:00,116.2,6,Electronics
TX102429,C0511,2025-04-23 00:00:00,259.16,9,Electronics
TX103438,C0732,2025-04-23 00:00:00,99.79,2,Home & Kitchen
TX101169,C0260,2025-04-24 00:00:00,73.2,1,Beauty & Personal Care
TX102499,C0525,2025-04-24 00:00:00,161.28,9,Electronics
TX103807,C0819,2025-04-24 00:00:00,94.95,2,Beauty & Personal Care
TX100378,C0094,2025-04-25 00:00:00,233.33,4,Books
TX100529,C0119,2025-04-25 00:00:00,162.11,9,Books
TX101918,C0419,2025-04-25 00:00:00,488.37,9,Electronics
TX103692,C0793,2025-04-26 00:00:00,235.53,4,Home & Kitchen
TX104028,C0874,2025-04-26 00:00:00,76.5,5,Electronics
TX100044,C0011,2025-04-27 00:00:00,147.28,4,Electronics
TX103107,C0661,2025-04-28 00:00:00,162.43,8,Electronics
TX102100,C0453,2025-04-29 00:00:00,220.04,3,Electronics
TX100257,C0061,2025-04-30 00:00:00,73.84,4,Home & Kitchen
TX101919,C0419,2025-04-30 00:00:00,438.31,9,Books
TX103646,C0780,2025-04-30 00:00:00,89.01,3,Beauty & Personal Care
TX100030,C0009,2025-05-01 00:00:00,218.67,7,Home & Kitchen
TX104319,C0940,2025-05-01 00:00:00,233.31,3,Apparel
TX102629,C0555,2025-05-02 00:00:00,87.2,2,Books
TX100258,C0061,2025-05-04 00:00:00,117.58,9,Electronics
TX101168,C0260,2025-05-04 00:00:00,230.21,3,Apparel
TX103074,C0654,2025-05-04 00:00:00,29.66,5,Electronics
TX104264,C0925,2025-05-04 00:00:00,32.44,1,Home & Kitchen
TX100724,C0163,2025-05-06 00:00:00,181.38,10,Apparel
TX104071,C0884,2025-05-06 00:00:00,129.87,7,Beauty & Personal Care
TX101908,C0419,2025-05-07 00:00:00,470.81,10,Beauty & Personal Care
TX102094,C0453,2025-05-07 00:00:00,375.67,3,Electronics
TX102894,C0614,2025-05-07 00:00:00,330.45,5,Electronics
TX103290,C0697,2025-05-08 00:00:00,48.73,4,Home & Kitchen
TX103685,C0790,2025-05-08 00:00:00,70.73,2,Apparel
TX104579,C0987,2025-05-08 00:00:00,61.3,1,Apparel
TX100739,C0166,2025-05-09 00:00:00,42.06,1,Books
TX104335,C0943,2025-05-09 00:00:00,51.25,5,Beauty & Personal Care
TX100236,C0057,2025-05-10 00:00:00,64.19,2,Beauty & Personal Care
TX100720,C0160,2025-05-10 00:00:00,58.86,2,Beauty & Personal Care
TX101172,C0260,2025-05-10 00:00:00,134.73,10,Apparel
TX102204,C0470,2025-05-10 00:00:00,317.19,4,Home & Kitchen
TX102379,C0503,2025-05-10 00:00:00,150.16,9,Sports & Outdoors
TX102992,C0632,2025-05-10 00:00:00,111.95,3,Electronics
TX100262,C0063,2025-05-11 00:00:00,41.57,4,Books
TX101161,C0259,2025-05-11 00:00:00,166.58,4,Home & Kitchen
TX101603,C0354,2025-05-12 00:00:00,214.38,7,Books
TX104548,C0984,2025-05-12 00:00:00,95.82,3,Apparel
TX100175,C0046,2025-05-13 00:00:00,227.13,4,Electronics
TX101965,C0428,2025-05-13 00:00:00,219.63,8,Electronics
TX102638,C0559,2025-05-13 00:00:00,114.53,9,Apparel
TX103696,C0793,2025-05-13 00:00:00,194.38,10,Home & Kitchen
TX101891,C0416,2025-05-14 00:00:00,72.39,1,Beauty & Personal Care
TX101906,C0419,2025-05-14 00:00:00,268.42,8,Electronics
TX103094,C0661,2025-05-14 00:00:00,260.24,9,Electronics
TX103099,C0661,2025-05-14 00:00:00,457.04,7,Home & Kitchen
TX100194,C0050,2025-05-15 00:00:00,67.1,4,Electronics
TX102816,C0595,2025-05-15 00:00:00,31.59,4,Apparel
TX101767,C0385,2025-05-16 00:00:00,358.67,6,Beauty & Personal Care
TX101031,C0232,2025-05-17 00:00:00,34.69,2,Electronics
TX103774,C0811,2025-05-17 00:00:00,38.91,3,Beauty & Personal Care
TX104272,C0928,2025-05-17 00:00:00,64.76,3,Apparel
TX102248,C0478,2025-05-18 00:00:00,349.93,7,Beauty & Personal Care
TX103407,C0726,2025-05-18 00:00:00,230.4,6,Electronics
TX100202,C0052,2025-05-19 00:00:00,61.17,5,Apparel
TX102304,C0488,2025-05-19 00:00:00,272.69,9,Beauty & Personal Care
TX101217,C0271,2025-05-20 00:00:00,31.32,3,Apparel
TX101806,C0394,2025-05-20 00:00:00,388.14,6,Beauty & Personal Care
TX101951,C0426,2025-05-20 00:00:00,31.14,1,Apparel
TX104521,C0978,2025-05-20 00:00:00,456.2,3,Apparel
TX100521,C0117,2025-05-21 00:00:00,86.02,2,Beauty & Personal Care
TX103326,C0706,2025-05-21 00:00:00,11.27,2,Apparel
TX100230,C0057,2025-05-22 00:00:00,75.23,2,Apparel
TX102569,C0542,2025-05-22 00:00:00,60.5,3,Sports & Outdoors
TX103064,C0653,2025-05-22 00:00:00,129.18,8,Beauty & Personal Care
TX104564,C0985,2025-05-22 00:00:00,243.63,9,Sports & Outdoors
TX100674,C0153,2025-05-23 00:00:00,202.81,7,Apparel
TX102044,C0443,2025-05-23 00:00:00,63.44,2,Electronics
TX103329,C0707,2025-05-23 00:00:00,238.75,6,Books
TX100180,C0046,2025-05-24 00:00:00,173.29,10,Home & Kitchen
TX100487,C0110,2025-05-24 00:00:00,160.38,9,Home & Kitchen
TX102655,C0564,2025-05-25 00:00:00,24.34,2,Home & Kitchen
TX101456,C0321,2025-05-26 00:00:00,214.47,9,Home & Kitchen
TX102065,C0448,2025-05-26 00:00:00,160.55,10,Home & Kitchen
TX102916,C0617,2025-05-26 00:00:00,55.46,1,Apparel
TX103700,C0794,2025-05-26 00:00:00,484.16,5,Electronics
TX100389,C0094,2025-05-27 00:00:00,337.22,6,Beauty & Personal Care
TX103706,C0794,2025-05-27 00:00:00,187.76,3,Electronics
TX104072,C0884,2025-05-27 00:00:00,158.7,3,Sports & Outdoors
TX101566,C0344,2025-05-28 00:00:00,67.73,3,Electronics
TX100091,C0023,2025-05-29 00:00:00,183.19,5,Books
TX100401,C0096,2025-05-29 00:00:00,35.78,5,Books
TX100743,C0168,2025-05-29 00:00:00,55.66,2,Electronics
TX103957,C0854,2025-05-29 00:00:00,156.08,9,Apparel
TX104010,C0869,2025-05-29 00:00:00,380.46,5,Apparel
TX101923,C0421,2025-05-30 00:00:00,112.21,6,Beauty & Personal Care
TX102195,C0469,2025-05-30 00:00:00,345.88,6,Electronics
TX103262,C0690,2025-05-30 00:00:00,73.42,1,Apparel
TX103958,C0854,2025-05-30 00:00:00,139.55,10,Sports & Outdoors
TX104312,C0937,2025-05-30 00:00:00,98.33,2,Electronics
TX102717,C0580,2025-05-31 00:00:00,88.45,3,Electronics
TX103350,C0713,2025-05-31 00:00:00,45.69,3,Electronics
TX100522,C0117,2025-06-01 00:00:00,117.77,7,Apparel
TX102426,C0511,2025-06-01 00:00:00,231.03,7,Apparel
TX102501,C0525,2025-06-01 00:00:00,142.58,5,Apparel
TX102598,C0549,2025-06-01 00:00:00,319.89,10,Apparel
TX103519,C0751,2025-06-01 00:00:00,178.02,10,Home & Kitchen
TX101165,C0259,2025-06-02 00:00:00,146.03,8,Home & Kitchen
TX102064,C0448,2025-06-02 00:00:00,132.99,5,Home & Kitchen
TX102427,C0511,2025-06-02 00:00:00,434.05,7,Beauty & Personal Care
TX103699,C0793,2025-06-02 00:00:00,71.3,4,Books
TX100151,C0040,2025-06-03 00:00:00,129.42,8,Electronics
TX100192,C0050,2025-06-03 00:00:00,52.61,1,Electronics
TX100371,C0091,2025-06-03 00:00:00,98.38,3,Electronics
TX100540,C0123,2025-06-03 00:00:00,91.16,4,Electronics
TX100960,C0214,2025-06-03 00:00:00,108.72,5,Home & Kitchen
TX101457,C0321,2025-06-03 00:00:00,215.48,7,Beauty & Personal Care
TX102161,C0465,2025-06-03 00:00:00,72.73,4,Sports & Outdoors
TX102384,C0504,2025-06-03 00:00:00,63.0,1,Beauty & Personal Care
TX102979,C0627,2025-06-03 00:00:00,89.48,4,Electronics
TX103211,C0680,2025-06-03 00:00:00,149.24,9,Beauty & Personal Care
TX103623,C0773,2025-06-03 00:00:00,143.81,10,Books
TX104275,C0928,2025-06-03 00:00:00,56.6,3,Electronics
TX104265,C0925,2025-06-04 00:00:00,91.84,5,Apparel
TX104615,C0993,2025-06-04 00:00:00,202.68,9,Beauty & Personal Care
TX103689,C0792,2025-06-05 00:00:00,114.21,8,Electronics
TX104285,C0931,2025-06-05 00:00:00,95.85,5,Home & Kitchen
TX103606,C0771,2025-06-06 00:00:00,127.69,10,Electronics
TX103669,C0784,2025-06-06 00:00:00,38.89,5,Apparel
TX101995,C0436,2025-06-07 00:00:00,108.65,4,Electronics
TX102093,C0453,2025-06-07 00:00:00,416.97,7,Electronics
TX104369,C0949,2025-06-07 00:00:00,115.32,3,Apparel
TX100997,C0224,2025-06-09 00:00:00,110.85,3,Books
TX102336,C0496,2025-06-09 00:00:00,63.56,4,Electronics
TX102824,C0598,2025-06-09 00:00:00,48.45,5,Home & Kitchen
TX102949,C0622,2025-06-09 00:00:00,78.41,1,Apparel
TX104472,C0970,2025-06-09 00:00:00,57.59,3,Electronics
TX104614,C0993,2025-06-09 00:00:00,446.95,5,Beauty & Personal Care
TX100445,C0101,2025-06-10 00:00:00,28.11,4,Apparel
TX101032,C0232,2025-06-10 00:00:00,21.25,4,Electronics
TX101960,C0428,2025-06-10 00:00:00,146.3,8,Electronics
TX102203,C0470,2025-06-10 00:00:00,450.25,5,Beauty & Personal Care
TX101391,C0312,2025-06-11 00:00:00,32.64,1,Beauty & Personal Care
TX101998,C0437,2025-06-11 00:00:00,127.4,10,Electronics
TX102814,C0595,2025-06-11 00:00:00,40.72,1,Beauty & Personal Care
TX103978,C0860,2025-06-11 00:00:00,115.14,4,Electronics
TX104012,C0870,2025-06-11 00:00:00,98.57,4,Electronics
TX100580,C0132,2025-06-12 00:00:00,151.99,9,Home & Kitchen
TX102309,C0488,2025-06-12 00:00:00,201.08,7,Electronics
TX103647,C0780,2025-06-12 00:00:00,105.56,4,Electronics
TX103757,C0805,2025-06-12 00:00:00,164.22,9,Electronics
TX104487,C0973,2025-06-12 00:00:00,161.84,7,Home & Kitchen
TX101596,C0354,2025-06-13 00:00:00,337.24,5,Books
TX102467,C0519,2025-06-13 00:00:00,26.3,1,Electronics
TX102495,C0525,2025-06-14 00:00:00,65.98,2,Apparel
TX100663,C0149,2025-06-15 00:00:00,96.31,5,Electronics
TX100239,C0058,2025-06-16 00:00:00,464.4,7,Electronics
TX102423,C0511,2025-06-16 00:00:00,454.33,4,Apparel
TX104610,C0993,2025-06-16 00:00:00,484.25,9,Apparel
TX101909,C0419,2025-06-17 00:00:00,446.72,4,Home & Kitchen
TX102431,C0511,2025-06-17 00:00:00,482.14,3,Electronics
TX103997,C0868,2025-06-17 00:00:00,131.13,7,Beauty & Personal Care
TX104551,C0985,2025-06-17 00:00:00,428.81,5,Electronics
TX100025,C0007,2025-06-18 00:00:00,190.31,8,Apparel
TX100447,C0101,2025-06-18 00:00:00,85.62,4,Apparel
TX102097,C0453,2025-06-18 00:00:00,325.2,8,Apparel
TX102424,C0511,2025-06-18 00:00:00,491.12,8,Apparel
TX100665,C0149,2025-06-19 00:00:00,82.95,3,Beauty & Personal Care
TX101551,C0341,2025-06-19 00:00:00,38.71,3,Apparel
TX103802,C0818,2025-06-19 00:00:00,82.2,3,Electronics
TX104074,C0884,2025-06-19 00:00:00,62.11,5,Apparel
TX100385,C0094,2025-06-20 00:00:00,277.05,8,Beauty & Personal Care
TX100874,C0194,2025-06-20 00:00:00,23.91,5,Electronics
TX102903,C0614,2025-06-20 00:00:00,206.25,4,Apparel
TX104192,C0905,2025-06-20 00:00:00,62.42,4,Apparel
TX100102,C0025,2025-06-21 00:00:00,44.52,1,Home & Kitchen
TX100489,C0110,2025-06-21 00:00:00,154.01,8,Apparel
TX102249,C0478,2025-06-21 00:00:00,183.49,9,Electronics
TX103028,C0640,2025-06-21 00:00:00,47.42,4,Home & Kitchen
TX101575,C0348,2025-06-22 00:00:00,69.99,1,Electronics
TX102109,C0454,2025-06-22 00:00:00,67.92,1,Books
TX102192,C0469,2025-06-22 00:00:00,180.23,5,Home & Kitchen
TX103951,C0854,2025-06-22 00:00:00,116.71,9,Electronics
TX104617,C0993,2025-06-22 00:00:00,456.66,3,Electronics
TX101402,C0314,2025-06-23 00:00:00,43.23,4,Apparel
TX102207,C0471,2025-06-23 00:00:00,225.43,9,Electronics
TX102663,C0567,2025-06-23 00:00:00,117.31,4,Apparel
TX104247,C0918,2025-06-23 00:00:00,57.4,5,Beauty & Personal Care
TX100167,C0044,2025-06-24 00:00:00,215.38,4,Electronics
TX101097,C0245,2025-06-24 00:00:00,83.43,5,Electronics
TX104243,C0918,2025-06-24 00:00:00,107.28,5,Electronics
TX102662,C0567,2025-06-25 00:00:00,34.09,4,Apparel
TX101902,C0419,2025-06-26 00:00:00,272.17,5,Home & Kitchen
TX102492,C0525,2025-06-26 00:00:00,104.5,3,Books
TX101390,C0311,2025-06-27 00:00:00,36.68,4,Apparel
TX102220,C0475,2025-06-27 00:00:00,89.14,3,Apparel
TX102498,C0525,2025-06-27 00:00:00,150.01,3,Electronics
TX103518,C0751,2025-06-27 00:00:00,222.7,7,Electronics
TX103850,C0826,2025-06-27 00:00:00,22.26,2,Home & Kitchen
TX100356,C0085,2025-06-28 00:00:00,79.19,3,Electronics
TX100871,C0192,2025-06-28 00:00:00,134.82,10,Electronics
TX102159,C0465,2025-06-28 00:00:00,240.79,6,Electronics
TX102344,C0497,2025-06-28 00:00:00,497.14,3,Apparel
TX104544,C0983,2025-06-28 00:00:00,112.8,3,Sports & Outdoors
TX101012,C0227,2025-06-29 00:00:00,47.11,4,Home & Kitchen
TX102614,C0550,2025-06-29 00:00:00,38.5,2,Apparel
TX104371,C0949,2025-06-29 00:00:00,93.27,3,Beauty & Personal Care
TX100732,C0165,2025-06-30 00:00:00,64.07,2,Electronics
TX102418,C0511,2025-06-30 00:00:00,169.22,7,Home & Kitchen
TX102433,C0511,2025-06-30 00:00:00,242.5,6,Electronics
TX103984,C0863,2025-06-30 00:00:00,68.16,2,Books
TX100252,C0058,2025-07-01 00:00:00,429.85,10,Apparel
TX101175,C0261,2025-07-01 00:00:00,30.51,3,Beauty & Personal Care
TX103998,C0868,2025-07-01 00:00:00,244.44,6,Books
TX104612,C0993,2025-07-01 00:00:00,186.31,3,Sports & Outdoors
TX100131,C0033,2025-07-02 00:00:00,22.37,1,Electronics
TX100854,C0191,2025-07-02 00:00:00,276.78,4,Home & Kitchen
TX102539,C0535,2025-07-02 00:00:00,110.88,3,Sports & Outdoors
TX103249,C0689,2025-07-02 00:00:00,337.42,3,Home & Kitchen
TX103599,C0769,2025-07-02 00:00:00,329.54,5,Beauty & Personal Care
TX102438,C0514,2025-07-03 00:00:00,141.65,9,Electronics
TX101235,C0275,2025-07-04 00:00:00,25.32,3,Electronics
TX103859,C0828,2025-07-04 00:00:00,109.97,3,Electronics
TX100464,C0106,2025-07-05 00:00:00,71.07,4,Electronics
TX101924,C0421,2025-07-05 00:00:00,112.43,3,Beauty & Personal Care
TX104533,C0979,2025-07-05 00:00:00,34.28,4,Beauty & Personal Care
TX100392,C0094,2025-07-06 00:00:00,470.56,8,Beauty & Personal Care
TX102054,C0446,2025-07-06 00:00:00,79.91,5,Apparel
TX102599,C0549,2025-07-06 00:00:00,367.41,7,Apparel
TX102685,C0574,2025-07-06 00:00:00,72.28,2,Electronics
TX102997,C0633,2025-07-06 00:00:00,87.17,2,Apparel
TX104609,C0993,2025-07-06 00:00:00,248.51,7,Electronics
TX100961,C0214,2025-07-07 00:00:00,24.1,2,Electronics
TX101253,C0278,2025-07-07 00:00:00,95.53,4,Electronics
TX101255,C0278,2025-07-07 00:00:00,28.47,3,Beauty & Personal Care
TX103601,C0770,2025-07-07 00:00:00,20.96,5,Apparel
TX104268,C0926,2025-07-07 00:00:00,79.71,3,Electronics
TX100244,C0058,2025-07-08 00:00:00,206.44,4,Electronics
TX100978,C0219,2025-07-08 00:00:00,84.24,2,Sports & Outdoors
TX103063,C0653,2025-07-08 00:00:00,149.77,10,Books
TX103073,C0654,2025-07-08 00:00:00,68.83,4,Home & Kitchen
TX100592,C0136,2025-07-09 00:00:00,103.05,7,Beauty & Personal Care
TX101519,C0332,2025-07-09 00:00:00,56.95,5,Beauty & Personal Care
TX101901,C0419,2025-07-09 00:00:00,432.52,7,Sports & Outdoors
TX102823,C0598,2025-07-09 00:00:00,96.44,3,Electronics
TX103101,C0661,2025-07-09 00:00:00,429.11,10,Apparel
TX103484,C0742,2025-07-09 00:00:00,41.77,2,Electronics
TX104172,C0900,2025-07-09 00:00:00,104.01,4,Sports & Outdoors
TX100090,C0023,2025-07-10 00:00:00,114.81,5,Electronics
TX101447,C0320,2025-07-10 00:00:00,212.46,4,Books
TX102932,C0619,2025-07-10 00:00:00,298.72,4,Electronics
TX103372,C0716,2025-07-10 00:00:00,116.73,10,Electronics
TX100166,C0044,2025-07-11 00:00:00,146.68,5,Beauty & Personal Care
TX101182,C0263,2025-07-11 00:00:00,72.18,2,Home & Kitchen
TX103037,C0642,2025-07-11 00:00:00,21.49,2,Electronics
TX100449,C0102,2025-07-12 00:00:00,94.38,5,Sports & Outdoors
TX102103,C0454,2025-07-12 00:00:00,161.88,7,Apparel
TX100583,C0132,2025-07-13 00:00:00,117.88,9,Apparel
TX102933,C0619,2025-07-13 00:00:00,225.06,4,Home & Kitchen
TX103622,C0773,2025-07-13 00:00:00,220.09,3,Electronics
TX104643,C0999,2025-07-13 00:00:00,19.73,3,Apparel
TX102142,C0463,2025-07-14 00:00:00,434.98,10,Home & Kitchen
TX102680,C0573,2025-07-14 00:00:00,28.44,2,Electronics
TX103228,C0684,2025-07-14 00:00:00,108.59,9,Home & Kitchen
TX103239,C0687,2025-07-14 00:00:00,100.89,6,Electronics
TX103409,C0726,2025-07-14 00:00:00,384.61,9,Books
TX104189,C0904,2025-07-14 00:00:00,118.83,7,Apparel
TX100731,C0165,2025-07-15 00:00:00,27.76,1,Home & Kitchen
TX101895,C0418,2025-07-15 00:00:00,241.59,6,Home & Kitchen
TX103485,C0742,2025-07-15 00:00:00,91.49,4,Beauty & Personal Care
TX104616,C0993,2025-07-15 00:00:00,291.47,3,Books
TX101325,C0293,2025-07-16 00:00:00,107.33,6,Beauty & Personal Care
TX101335,C0298,2025-07-16 00:00:00,68.9,5,Electronics
TX102051,C0446,2025-07-16 00:00:00,43.52,4,Beauty & Personal Care
TX102493,C0525,2025-07-16 00:00:00,217.18,6,Electronics
TX102615,C0550,2025-07-16 00:00:00,97.63,4,Apparel
TX104009,C0869,2025-07-16 00:00:00,156.3,7,Apparel
TX100040,C0010,2025-07-17 00:00:00,144.32,3,Books
TX100248,C0058,2025-07-17 00:00:00,336.78,4,Sports & Outdoors
TX101755,C0385,2025-07-17 00:00:00,207.01,6,Electronics
TX102018,C0441,2025-07-17 00:00:00,193.79,6,Beauty & Personal Care
TX102372,C0502,2025-07-17 00:00:00,63.96,3,Books
TX102425,C0511,2025-07-17 00:00:00,213.92,6,Home & Kitchen
TX103630,C0775,2025-07-17 00:00:00,75.77,2,Home & Kitchen
TX104297,C0933,2025-07-17 00:00:00,167.45,9,Apparel
TX104550,C0985,2025-07-17 00:00:00,277.27,9,Sports & Outdoors
TX100577,C0131,2025-07-18 00:00:00,24.18,5,Home & Kitchen
TX101453,C0320,2025-07-18 00:00:00,220.64,4,Apparel
TX103398,C0724,2025-07-18 00:00:00,119.35,7,Electronics
TX104114,C0891,2025-07-18 00:00:00,61.43,5,Beauty & Personal Care
TX104366,C0949,2025-07-18 00:00:00,108.41,9,Apparel
TX102989,C0631,2025-07-19 00:00:00,77.78,3,Apparel
TX103155,C0667,2025-07-19 00:00:00,400.83,6,Home & Kitchen
TX103260,C0689,2025-07-19 00:00:00,308.48,9,Electronics
TX103710,C0794,2025-07-19 00:00:00,422.66,3,Home & Kitchen
TX103857,C0828,2025-07-19 00:00:00,73.55,4,Apparel
TX100539,C0123,2025-07-20 00:00:00,102.28,8,Apparel
TX101538,C0338,2025-07-20 00:00:00,93.65,3,Apparel
TX101754,C0385,2025-07-20 00:00:00,182.5,5,Apparel
TX101922,C0420,2025-07-20 00:00:00,91.4,4,Electronics
TX102510,C0527,2025-07-20 00:00:00,162.41,6,Books
TX103111,C0661,2025-07-20 00:00:00,297.24,3,Apparel
TX100084,C0021,2025-07-21 00:00:00,105.25,3,Apparel
TX100242,C0058,2025-07-21 00:00:00,366.52,5,Books
TX100381,C0094,2025-07-21 00:00:00,224.94,7,Apparel
TX104013,C0870,2025-07-21 00:00:00,37.26,3,Electronics
TX104027,C0874,2025-07-21 00:00:00,85.55,3,Beauty & Personal Care
TX101610,C0356,2025-07-22 00:00:00,47.48,4,Home & Kitchen
TX103872,C0831,2025-07-22 00:00:00,101.34,8,Electronics
TX100933,C0207,2025-07-24 00:00:00,59.45,3,Beauty & Personal Care
TX102201,C0470,2025-07-24 00:00:00,184.67,9,Home & Kitchen
TX103387,C0720,2025-07-24 00:00:00,102.34,8,Electronics
TX101789,C0391,2025-07-25 00:00:00,87.16,1,Beauty & Personal Care
TX102750,C0586,2025-07-25 00:00:00,33.61,1,Beauty & Personal Care
TX103433,C0730,2025-07-25 00:00:00,29.97,1,Electronics
TX103912,C0842,2025-07-25 00:00:00,101.4,9,Books
TX100054,C0014,2025-07-26 00:00:00,33.01,4,Beauty & Personal Care
TX100055,C0014,2025-07-26 00:00:00,30.59,1,Electronics
TX100530,C0119,2025-07-26 00:00:00,158.89,7,Electronics
TX100745,C0168,2025-07-26 00:00:00,26.6,3,Home & Kitchen
TX101081,C0241,2025-07-26 00:00:00,163.57,10,Electronics
TX101154,C0255,2025-07-26 00:00:00,115.81,7,Home & Kitchen
TX103670,C0784,2025-07-26 00:00:00,69.04,2,Electronics
TX102723,C0581,2025-07-27 00:00:00,240.81,10,Apparel
TX103511,C0749,2025-07-27 00:00:00,38.99,5,Books
TX100089,C0023,2025-07-28 00:00:00,165.53,8,Beauty & Personal Care
TX100173,C0046,2025-07-28 00:00:00,143.35,3,Electronics
TX100748,C0169,2025-07-28 00:00:00,45.19,1,Home & Kitchen
TX101030,C0231,2025-07-28 00:00:00,185.92,4,Apparel
TX102278,C0483,2025-07-28 00:00:00,46.9,2,Apparel
TX102478,C0521,2025-07-28 00:00:00,26.19,1,Electronics
TX103341,C0709,2025-07-28 00:00:00,43.32,2,Electronics
TX103770,C0809,2025-07-28 00:00:00,60.61,2,Sports & Outdoors
TX104618,C0993,2025-07-28 00:00:00,192.7,6,Apparel
TX101897,C0418,2025-07-29 00:00:00,225.7,5,Home & Kitchen
TX102021,C0441,2025-07-29 00:00:00,133.51,6,Apparel
TX104073,C0884,2025-07-29 00:00:00,146.03,5,Home & Kitchen
TX104348,C0945,2025-07-29 00:00:00,104.72,5,Beauty & Personal Care
TX104590,C0990,2025-07-29 00:00:00,246.02,9,Books
TX100875,C0194,2025-07-30 00:00:00,28.78,3,Beauty & Personal Care
TX102019,C0441,2025-07-30 00:00:00,95.26,1,Electronics
TX102096,C0453,2025-07-30 00:00:00,415.48,5,Sports & Outdoors
TX102308,C0488,2025-07-30 00:00:00,258.62,5,Electronics
TX101398,C0314,2025-07-31 00:00:00,93.34,5,Beauty & Personal Care
TX101593,C0354,2025-07-31 00:00:00,252.63,9,Electronics
TX102419,C0511,2025-07-31 00:00:00,393.57,9,Sports & Outdoors
TX103768,C0808,2025-07-31 00:00:00,25.07,5,Beauty & Personal Care
TX103880,C0832,2025-07-31 00:00:00,281.97,8,Books
TX104532,C0979,2025-07-31 00:00:00,60.65,5,Home & Kitchen
TX100799,C0177,2025-08-01 00:00:00,93.52,2,Books
TX102530,C0533,2025-08-01 00:00:00,381.71,6,Apparel
TX103695,C0793,2025-08-01 00:00:00,61.39,3,Electronics
TX104307,C0935,2025-08-01 00:00:00,24.87,3,Apparel
TX102014,C0441,2025-08-02 00:00:00,224.1,3,Books
TX102751,C0586,2025-08-02 00:00:00,35.59,3,Apparel
TX104526,C0978,2025-08-02 00:00:00,353.8,8,Electronics
TX101033,C0232,2025-08-03 00:00:00,66.98,2,Books
TX102463,C0518,2025-08-03 00:00:00,84.52,4,Electronics
TX102943,C0620,2025-08-03 00:00:00,225.88,7,Apparel
TX103486,C0742,2025-08-03 00:00:00,27.51,2,Electronics
TX103965,C0857,2025-08-03 00:00:00,44.73,2,Electronics
TX100033,C0009,2025-08-04 00:00:00,113.29,3,Apparel
TX100106,C0026,2025-08-04 00:00:00,192.06,7,Books
TX100176,C0046,2025-08-04 00:00:00,235.97,7,Apparel
TX102323,C0493,2025-08-04 00:00:00,235.72,10,Electronics
TX104331,C0942,2025-08-04 00:00:00,30.45,2,Sports & Outdoors
TX100195,C0051,2025-08-05 00:00:00,101.07,10,Electronics
TX101811,C0394,2025-08-05 00:00:00,397.92,7,Electronics
TX102869,C0606,2025-08-05 00:00:00,52.49,2,Beauty & Personal Care
TX104259,C0923,2025-08-05 00:00:00,24.95,5,Apparel
TX104542,C0982,2025-08-05 00:00:00,21.91,4,Apparel
TX100053,C0014,2025-08-06 00:00:00,51.14,3,Apparel
TX101124,C0249,2025-08-06 00:00:00,29.33,1,Apparel
TX101181,C0263,2025-08-06 00:00:00,95.3,4,Home & Kitchen
TX101834,C0402,2025-08-06 00:00:00,172.17,4,Home & Kitchen
TX102214,C0473,2025-08-06 00:00:00,97.29,1,Apparel
TX103528,C0753,2025-08-06 00:00:00,54.34,2,Home & Kitchen
TX100934,C0207,2025-08-07 00:00:00,86.62,4,Sports & Outdoors
TX100246,C0058,2025-08-08 00:00:00,221.8,3,Home & Kitchen
TX100623,C0140,2025-08-08 00:00:00,102.16,6,Sports & Outdoors
TX101851,C0409,2025-08-08 00:00:00,52.28,1,Electronics
TX101984,C0433,2025-08-08 00:00:00,115.8,7,Beauty & Personal Care
TX102349,C0497,2025-08-08 00:00:00,426.34,9,Beauty & Personal Care
TX102631,C0556,2025-08-08 00:00:00,97.72,4,Apparel
TX103334,C0708,2025-08-08 00:00:00,33.19,4,Home & Kitchen
TX103416,C0726,2025-08-08 00:00:00,232.25,6,Apparel
TX104546,C0983,2025-08-08 00:00:00,68.97,4,Electronics
TX101024,C0230,2025-08-10 00:00:00,112.09,3,Beauty & Personal Care
TX101126,C0250,2025-08-10 00:00:00,409.82,5,Sports & Outdoors
TX103273,C0694,2025-08-10 00:00:00,66.8,1,Apparel
TX103904,C0840,2025-08-10 00:00:00,58.33,2,Home & Kitchen
TX100220,C0055,2025-08-11 00:00:00,330.16,8,Beauty & Personal Care
TX101272,C0283,2025-08-11 00:00:00,65.31,4,Electronics
TX101835,C0402,2025-08-11 00:00:00,243.68,6,Apparel
TX103309,C0699,2025-08-11 00:00:00,36.01,1,Beauty & Personal Care
TX101186,C0264,2025-08-12 00:00:00,89.5,1,Sports & Outdoors
TX102666,C0568,2025-08-12 00:00:00,110.5,10,Home & Kitchen
TX104002,C0869,2025-08-12 00:00:00,486.57,6,Books
TX101904,C0419,2025-08-13 00:00:00,499.07,8,Sports & Outdoors
TX103017,C0638,2025-08-13 00:00:00,47.89,3,Beauty & Personal Care
TX103159,C0668,2025-08-13 00:00:00,15.1,2,Sports & Outdoors
TX104185,C0903,2025-08-13 00:00:00,67.39,3,Electronics
TX104606,C0992,2025-08-13 00:00:00,39.47,2,Apparel
TX100335,C0078,2025-08-14 00:00:00,69.15,2,Apparel
TX100723,C0162,2025-08-14 00:00:00,45.28,5,Electronics
TX102508,C0527,2025-08-14 00:00:00,200.03,4,Home & Kitchen
TX103195,C0678,2025-08-14 00:00:00,170.71,4,Apparel
TX103917,C0842,2025-08-14 00:00:00,150.11,9,Books
TX104491,C0973,2025-08-14 00:00:00,82.15,2,Apparel
TX101362,C0307,2025-08-15 00:00:00,214.49,10,Home & Kitchen
TX103596,C0769,2025-08-15 00:00:00,335.45,9,Electronics
TX103870,C0831,2025-08-15 00:00:00,199.8,9,Beauty & Personal Care
TX103933,C0848,2025-08-15 00:00:00,40.73,2,Electronics
TX101844,C0405,2025-08-16 00:00:00,40.94,5,Home & Kitchen
TX103093,C0661,2025-08-16 00:00:00,445.34,4,Sports & Outdoors
TX104235,C0916,2025-08-16 00:00:00,49.53,4,Books
TX104539,C0981,2025-08-16 00:00:00,30.18,1,Electronics
TX101087,C0241,2025-08-17 00:00:00,116.68,10,Beauty & Personal Care
TX101363,C0307,2025-08-17 00:00:00,343.69,6,Electronics
TX103324,C0705,2025-08-17 00:00:00,79.09,4,Apparel
TX104374,C0949,2025-08-17 00:00:00,98.3,4,Beauty & Personal Care
TX100111,C0029,2025-08-18 00:00:00,200.87,5,Beauty & Personal Care
TX100178,C0046,2025-08-18 00:00:00,87.19,3,Apparel
TX100864,C0192,2025-08-18 00:00:00,82.16,1,Apparel
TX100947,C0212,2025-08-18 00:00:00,60.13,3,Sports & Outdoors
TX101853,C0409,2025-08-18 00:00:00,59.8,1,Electronics
TX102263,C0480,2025-08-18 00:00:00,145.93,3,Apparel
TX103435,C0731,2025-08-18 00:00:00,89.69,5,Apparel
TX103935,C0848,2025-08-18 00:00:00,29.57,3,Electronics
TX104549,C0984,2025-08-18 00:00:00,42.36,1,Electronics
TX100216,C0055,2025-08-19 00:00:00,284.71,8,Apparel
TX101808,C0394,2025-08-19 00:00:00,167.12,9,Apparel
TX101729,C0379,2025-08-20 00:00:00,199.09,9,Apparel
TX102198,C0470,2025-08-20 00:00:00,354.95,3,Apparel
TX102283,C0484,2025-08-20 00:00:00,69.19,2,Beauty & Personal Care
TX102511,C0527,2025-08-20 00:00:00,232.52,4,Electronics
TX103158,C0667,2025-08-20 00:00:00,266.96,3,Electronics
TX104351,C0947,2025-08-20 00:00:00,58.79,1,Apparel
TX100869,C0192,2025-08-21 00:00:00,78.89,1,Books
TX101766,C0385,2025-08-21 00:00:00,199.08,10,Books
TX102528,C0533,2025-08-21 00:00:00,259.94,10,Electronics
TX102853,C0601,2025-08-21 00:00:00,24.41,1,Books
TX103016,C0637,2025-08-21 00:00:00,157.7,4,Beauty & Personal Care
TX103109,C0661,2025-08-21 00:00:00,174.05,7,Electronics
TX104201,C0910,2025-08-21 00:00:00,119.89,4,Sports & Outdoors
TX100656,C0146,2025-08-22 00:00:00,93.45,3,Beauty & Personal Care
TX100729,C0164,2025-08-22 00:00:00,104.16,5,Beauty & Personal Care
TX100882,C0196,2025-08-22 00:00:00,43.71,2,Electronics
TX101318,C0291,2025-08-22 00:00:00,22.64,2,Apparel
TX102861,C0602,2025-08-22 00:00:00,293.01,4,Electronics
TX102924,C0619,2025-08-22 00:00:00,172.67,3,Electronics
TX102931,C0619,2025-08-22 00:00:00,496.71,10,Home & Kitchen
TX103422,C0727,2025-08-22 00:00:00,86.06,5,Apparel
TX103656,C0782,2025-08-22 00:00:00,183.63,9,Beauty & Personal Care
TX103954,C0854,2025-08-22 00:00:00,165.06,7,Apparel
TX104113,C0891,2025-08-23 00:00:00,98.28,1,Apparel
TX104496,C0974,2025-08-23 00:00:00,33.36,2,Apparel
TX100219,C0055,2025-08-24 00:00:00,367.16,8,Books
TX100740,C0166,2025-08-24 00:00:00,92.4,1,Apparel
TX100820,C0182,2025-08-24 00:00:00,91.19,5,Beauty & Personal Care
TX102280,C0483,2025-08-24 00:00:00,73.37,2,Electronics
TX102737,C0584,2025-08-24 00:00:00,115.04,4,Electronics
TX104228,C0914,2025-08-24 00:00:00,173.35,3,Sports & Outdoors
TX100209,C0055,2025-08-25 00:00:00,345.47,3,Home & Kitchen
TX100774,C0173,2025-08-25 00:00:00,204.18,7,Home & Kitchen
TX100948,C0212,2025-08-25 00:00:00,62.63,5,Electronics
TX101231,C0274,2025-08-25 00:00:00,154.8,5,Apparel
TX104051,C0879,2025-08-25 00:00:00,96.86,2,Electronics
TX104180,C0902,2025-08-25 00:00:00,43.35,2,Electronics
TX104352,C0947,2025-08-25 00:00:00,118.74,6,Home & Kitchen
TX104515,C0978,2025-08-25 00:00:00,350.43,7,Apparel
TX104621,C0993,2025-08-25 00:00:00,176.14,3,Home & Kitchen
TX101290,C0285,2025-08-26 00:00:00,67.11,1,Apparel
TX101490,C0325,2025-08-26 00:00:00,72.69,5,Beauty & Personal Care
TX101561,C0343,2025-08-26 00:00:00,489.61,7,Books
TX101776,C0388,2025-08-26 00:00:00,139.78,4,Electronics
TX101903,C0419,2025-08-26 00:00:00,465.08,10,Electronics
TX103224,C0684,2025-08-26 00:00:00,196.28,9,Apparel
TX103939,C0849,2025-08-26 00:00:00,60.01,2,Apparel
TX104478,C0971,2025-08-26 00:00:00,85.03,4,Apparel
TX100334,C0078,2025-08-27 00:00:00,75.67,3,Beauty & Personal Care
TX101009,C0226,2025-08-27 00:00:00,109.56,5,Electronics
TX102535,C0535,2025-08-27 00:00:00,209.18,9,Books
TX103226,C0684,2025-08-27 00:00:00,84.6,2,Apparel
TX104190,C0905,2025-08-27 00:00:00,120.42,4,Home & Kitchen
TX104603,C0992,2025-08-27 00:00:00,36.98,5,Electronics
TX100039,C0010,2025-08-28 00:00:00,81.32,1,Books
TX100400,C0096,2025-08-28 00:00:00,82.83,3,Home & Kitchen
TX103414,C0726,2025-08-28 00:00:00,169.62,5,Beauty & Personal Care
TX103572,C0765,2025-08-28 00:00:00,109.14,7,Apparel
TX104050,C0878,2025-08-28 00:00:00,49.23,4,Apparel
TX100800,C0177,2025-08-29 00:00:00,152.43,4,Apparel
TX101144,C0252,2025-08-29 00:00:00,60.94,2,Apparel
TX102075,C0451,2025-08-29 00:00:00,116.65,6,Electronics
TX101310,C0289,2025-08-30 00:00:00,53.45,1,Electronics
TX104226,C0914,2025-08-30 00:00:00,204.8,9,Apparel
TX104321,C0940,2025-08-30 00:00:00,179.69,3,Home & Kitchen
TX102628,C0555,2025-08-31 00:00:00,21.49,4,Beauty & Personal Care
TX102987,C0630,2025-08-31 00:00:00,67.46,5,Sports & Outdoors
TX103292,C0697,2025-08-31 00:00:00,32.92,4,Apparel
TX104133,C0894,2025-08-31 00:00:00,345.11,5,Beauty & Personal Care
TX104349,C0945,2025-08-31 00:00:00,40.5,5,Home & Kitchen
TX101716,C0379,2025-09-01 00:00:00,423.43,9,Home & Kitchen
TX101917,C0419,2025-09-01 00:00:00,374.33,3,Apparel
TX102196,C0469,2025-09-01 00:00:00,196.63,9,Electronics
TX102434,C0511,2025-09-01 00:00:00,214.8,4,Home & Kitchen
TX102445,C0516,2025-09-01 00:00:00,398.87,6,Sports & Outdoors
TX103210,C0680,2025-09-01 00:00:00,248.23,4,Apparel
TX103219,C0683,2025-09-01 00:00:00,132.8,9,Sports & Outdoors
TX104511,C0976,2025-09-01 00:00:00,41.63,5,Apparel
TX100838,C0188,2025-09-02 00:00:00,44.99,4,Electronics
TX101213,C0270,2025-09-02 00:00:00,37.07,1,Home & Kitchen
TX101536,C0338,2025-09-02 00:00:00,93.82,2,Home & Kitchen
TX101992,C0436,2025-09-02 00:00:00,96.71,5,Home & Kitchen
TX102447,C0516,2025-09-02 00:00:00,487.83,7,Sports & Outdoors
TX102980,C0627,2025-09-02 00:00:00,31.84,2,Apparel
TX100169,C0044,2025-09-03 00:00:00,140.98,9,Apparel
TX100182,C0047,2025-09-03 00:00:00,31.75,5,Sports & Outdoors
TX101641,C0365,2025-09-03 00:00:00,77.76,4,Electronics
TX101948,C0425,2025-09-03 00:00:00,53.59,4,Electronics
TX104330,C0942,2025-09-03 00:00:00,51.51,4,Home & Kitchen
TX104536,C0980,2025-09-03 00:00:00,25.28,2,Electronics
TX104611,C0993,2025-09-03 00:00:00,163.19,7,Beauty & Personal Care
TX101367,C0307,2025-09-04 00:00:00,232.94,8,Home & Kitchen
TX102001,C0437,2025-09-04 00:00:00,69.88,2,Books
TX102099,C0453,2025-09-04 00:00:00,322.28,9,Home & Kitchen
TX102868,C0605,2025-09-04 00:00:00,24.32,5,Electronics
TX104205,C0910,2025-09-04 00:00:00,242.59,5,Beauty & Personal Care
TX104278,C0929,2025-09-04 00:00:00,51.6,1,Apparel
TX101893,C0417,2025-09-05 00:00:00,116.36,3,Electronics
TX102076,C0451,2025-09-05 00:00:00,65.48,4,Electronics
TX102396,C0507,2025-09-05 00:00:00,207.95,7,Sports & Outdoors
TX101920,C0419,2025-09-06 00:00:00,328.06,3,Beauty & Personal Care
TX102144,C0463,2025-09-06 00:00:00,459.67,8,Sports & Outdoors
TX102413,C0510,2025-09-06 00:00:00,33.41,1,Home & Kitchen
TX102890,C0614,2025-09-06 00:00:00,354.0,4,Sports & Outdoors
TX103429,C0729,2025-09-06 00:00:00,173.77,8,Apparel
TX103602,C0770,2025-09-06 00:00:00,88.43,3,Electronics
TX104516,C0978,2025-09-06 00:00:00,484.85,4,Apparel
TX100574,C0129,2025-09-07 00:00:00,176.75,8,Electronics
TX101444,C0319,2025-09-07 00:00:00,118.62,9,Electronics
TX101505,C0329,2025-09-07 00:00:00,108.33,6,Sports & Outdoors
TX102151,C0463,2025-09-07 00:00:00,477.08,5,Books
TX103271,C0694,2025-09-07 00:00:00,110.49,10,Apparel
TX103693,C0793,2025-09-07 00:00:00,223.85,6,Beauty & Personal Care
TX104543,C0983,2025-09-07 00:00:00,221.27,5,Electronics
TX100221,C0055,2025-09-08 00:00:00,284.03,10,Home & Kitchen
TX102453,C0516,2025-09-08 00:00:00,222.37,8,Electronics
TX102527,C0533,2025-09-08 00:00:00,202.7,7,Apparel
TX103332,C0708,2025-09-08 00:00:00,27.42,4,Apparel
TX103420,C0727,2025-09-08 00:00:00,25.21,3,Electronics
TX103782,C0814,2025-09-08 00:00:00,34.93,4,Electronics
TX100065,C0016,2025-09-09 00:00:00,55.14,4,Beauty & Personal Care
TX100648,C0145,2025-09-09 00:00:00,373.57,6,Apparel
TX100667,C0151,2025-09-09 00:00:00,70.86,5,Apparel
TX101007,C0226,2025-09-09 00:00:00,42.45,3,Apparel
TX102563,C0540,2025-09-09 00:00:00,40.89,3,Electronics
TX102728,C0581,2025-09-09 00:00:00,233.64,10,Electronics
TX103258,C0689,2025-09-09 00:00:00,479.34,4,Apparel
TX103465,C0739,2025-09-09 00:00:00,102.67,7,Home & Kitchen
TX103631,C0775,2025-09-09 00:00:00,160.35,8,Books
TX103756,C0804,2025-09-09 00:00:00,107.86,6,Electronics
TX100224,C0055,2025-09-10 00:00:00,377.16,6,Books
TX100590,C0134,2025-09-10 00:00:00,78.52,5,Apparel
TX102667,C0568,2025-09-10 00:00:00,111.52,4,Electronics
TX102749,C0586,2025-09-10 00:00:00,116.76,9,Sports & Outdoors
TX102875,C0608,2025-09-10 00:00:00,99.51,1,Apparel
TX100855,C0191,2025-09-11 00:00:00,281.79,9,Home & Kitchen
TX101379,C0309,2025-09-11 00:00:00,218.84,7,Beauty & Personal Care
TX101817,C0396,2025-09-11 00:00:00,41.04,3,Books
TX102533,C0534,2025-09-11 00:00:00,61.3,3,Apparel
TX103221,C0683,2025-09-11 00:00:00,117.61,7,Books
TX103955,C0854,2025-09-11 00:00:00,171.74,7,Home & Kitchen
TX104076,C0885,2025-09-11 00:00:00,129.03,9,Electronics
TX100048,C0012,2025-09-12 00:00:00,52.09,2,Apparel
TX100200,C0051,2025-09-12 00:00:00,228.42,5,Books
TX101241,C0277,2025-09-12 00:00:00,462.56,7,Home & Kitchen
TX101455,C0321,2025-09-12 00:00:00,180.0,6,Electronics
TX101725,C0379,2025-09-12 00:00:00,454.75,8,Sports & Outdoors
TX102257,C0479,2025-09-12 00:00:00,69.9,5,Apparel
TX102525,C0533,2025-09-12 00:00:00,341.02,5,Home & Kitchen
TX103734,C0800,2025-09-12 00:00:00,489.68,5,Apparel
TX103744,C0800,2025-09-12 00:00:00,328.91,6,Apparel
TX104231,C0914,2025-09-12 00:00:00,77.46,2,Beauty & Personal Care
TX104299,C0933,2025-09-12 00:00:00,105.61,5,Beauty & Personal Care
TX104320,C0940,2025-09-12 00:00:00,209.31,7,Electronics
TX104586,C0990,2025-09-12 00:00:00,207.25,3,Sports & Outdoors
TX101098,C0246,2025-09-13 00:00:00,139.83,5,Home & Kitchen
TX102255,C0479,2025-09-13 00:00:00,74.13,3,Electronics
TX102727,C0581,2025-09-13 00:00:00,226.77,4,Sports & Outdoors
TX103466,C0739,2025-09-13 00:00:00,24.27,4,Electronics
TX103890,C0834,2025-09-13 00:00:00,100.72,5,Electronics
TX101954,C0427,2025-09-14 00:00:00,58.12,5,Electronics
TX103947,C0852,2025-09-14 00:00:00,108.1,8,Electronics
TX101069,C0239,2025-09-15 00:00:00,238.57,10,Electronics
TX101721,C0379,2025-09-15 00:00:00,263.59,9,Beauty & Personal Care
TX102277,C0483,2025-09-15 00:00:00,80.26,1,Electronics
TX102537,C0535,2025-09-15 00:00:00,105.67,10,Home & Kitchen
TX102595,C0549,2025-09-15 00:00:00,184.98,5,Books
TX100023,C0007,2025-09-16 00:00:00,191.1,7,Books
TX101010,C0227,2025-09-16 00:00:00,87.94,2,Beauty & Personal Care
TX101543,C0339,2025-09-16 00:00:00,119.38,9,Apparel
TX101770,C0385,2025-09-16 00:00:00,277.77,4,Books
TX102674,C0571,2025-09-16 00:00:00,60.84,3,Electronics
TX103117,C0662,2025-09-16 00:00:00,339.07,8,Apparel
TX100651,C0146,2025-09-17 00:00:00,128.0,4,Electronics
TX103428,C0729,2025-09-17 00:00:00,156.1,4,Electronics
TX103509,C0749,2025-09-17 00:00:00,59.76,1,Electronics
TX103687,C0792,2025-09-17 00:00:00,60.47,4,Apparel
TX103961,C0855,2025-09-17 00:00:00,79.5,2,Electronics
TX104143,C0895,2025-09-17 00:00:00,213.92,7,Home & Kitchen
TX104379,C0950,2025-09-17 00:00:00,157.41,9,Electronics
TX104602,C0991,2025-09-17 00:00:00,101.93,4,Electronics
TX100369,C0091,2025-09-18 00:00:00,211.44,7,Apparel
TX101450,C0320,2025-09-18 00:00:00,219.25,9,Beauty & Personal Care
TX101959,C0428,2025-09-18 00:00:00,125.58,10,Apparel
TX103216,C0682,2025-09-18 00:00:00,39.39,1,Apparel
TX103527,C0753,2025-09-18 00:00:00,50.8,5,Home & Kitchen
TX103864,C0831,2025-09-18 00:00:00,134.23,3,Books
TX100162,C0044,2025-09-19 00:00:00,235.72,3,Books
TX100920,C0205,2025-09-19 00:00:00,93.8,5,Apparel
TX101651,C0367,2025-09-19 00:00:00,79.69,3,Books
TX101674,C0371,2025-09-19 00:00:00,135.71,4,Sports & Outdoors
TX102400,C0507,2025-09-19 00:00:00,127.12,9,Beauty & Personal Care
TX102942,C0620,2025-09-19 00:00:00,177.09,9,Apparel
TX102962,C0623,2025-09-19 00:00:00,103.14,9,Electronics
TX103373,C0716,2025-09-19 00:00:00,31.51,4,Books
TX101815,C0395,2025-09-20 00:00:00,44.86,3,Electronics
TX103453,C0735,2025-09-20 00:00:00,38.95,4,Apparel
TX104171,C0900,2025-09-20 00:00:00,49.75,4,Sports & Outdoors
TX100380,C0094,2025-09-21 00:00:00,477.43,6,Electronics
TX100944,C0212,2025-09-21 00:00:00,67.39,1,Books
TX101588,C0352,2025-09-21 00:00:00,35.04,3,Sports & Outdoors
TX102340,C0497,2025-09-21 00:00:00,250.26,5,Apparel
TX103083,C0658,2025-09-21 00:00:00,112.53,8,Apparel
TX103102,C0661,2025-09-21 00:00:00,452.82,9,Apparel
TX103983,C0863,2025-09-21 00:00:00,59.55,1,Books
TX104260,C0923,2025-09-21 00:00:00,106.3,10,Apparel
TX100214,C0055,2025-09-22 00:00:00,455.97,9,Electronics
TX100856,C0191,2025-09-22 00:00:00,474.09,4,Apparel
TX101193,C0267,2025-09-22 00:00:00,47.78,2,Home & Kitchen
TX102023,C0441,2025-09-22 00:00:00,149.15,3,Apparel
TX102338,C0497,2025-09-22 00:00:00,320.28,10,Sports & Outdoors
TX102353,C0498,2025-09-22 00:00:00,88.9,1,Apparel
TX100190,C0049,2025-09-23 00:00:00,27.09,2,Books
TX102383,C0504,2025-09-23 00:00:00,115.2,10,Electronics
TX103715,C0795,2025-09-23 00:00:00,85.95,5,Sports & Outdoors
TX103720,C0797,2025-09-23 00:00:00,82.79,3,Apparel
TX100579,C0132,2025-09-24 00:00:00,71.52,4,Home & Kitchen
TX100861,C0191,2025-09-24 00:00:00,378.48,9,Books
TX101411,C0316,2025-09-24 00:00:00,51.89,1,Sports & Outdoors
TX102287,C0486,2025-09-24 00:00:00,246.74,5,Electronics
TX102376,C0503,2025-09-24 00:00:00,142.64,3,Apparel
TX102961,C0623,2025-09-24 00:00:00,150.15,9,Home & Kitchen
TX103220,C0683,2025-09-24 00:00:00,168.36,9,Apparel
TX100372,C0091,2025-09-25 00:00:00,210.04,7,Home & Kitchen
TX101166,C0259,2025-09-25 00:00:00,169.52,7,Electronics
TX100046,C0011,2025-09-26 00:00:00,148.71,3,Electronics
TX100331,C0076,2025-09-26 00:00:00,74.24,5,Apparel
TX100737,C0166,2025-09-26 00:00:00,29.14,4,Electronics
TX101288,C0285,2025-09-26 00:00:00,198.35,9,Books
TX101345,C0302,2025-09-26 00:00:00,33.87,5,Apparel
TX101912,C0419,2025-09-26 00:00:00,252.54,9,Apparel
TX103364,C0714,2025-09-26 00:00:00,427.1,7,Home & Kitchen
TX103684,C0790,2025-09-26 00:00:00,50.51,2,Home & Kitchen
TX104620,C0993,2025-09-26 00:00:00,460.85,3,Electronics
TX100273,C0065,2025-09-27 00:00:00,31.01,4,Electronics
TX100979,C0219,2025-09-27 00:00:00,73.46,1,Home & Kitchen
TX101259,C0279,2025-09-27 00:00:00,90.16,5,Electronics
TX101488,C0325,2025-09-27 00:00:00,97.86,1,Apparel
TX101890,C0416,2025-09-27 00:00:00,55.12,1,Apparel
TX102222,C0475,2025-09-27 00:00:00,107.48,6,Apparel
TX102632,C0556,2025-09-27 00:00:00,78.76,3,Beauty & Personal Care
TX102780,C0590,2025-09-27 00:00:00,264.04,5,Electronics
TX104188,C0904,2025-09-27 00:00:00,203.96,7,Beauty & Personal Care
TX100479,C0109,2025-09-28 00:00:00,28.61,4,Electronics
TX100736,C0166,2025-09-28 00:00:00,112.88,8,Beauty & Personal Care
TX102022,C0441,2025-09-28 00:00:00,194.57,10,Home & Kitchen
TX103426,C0729,2025-09-28 00:00:00,181.57,6,Apparel
TX100203,C0052,2025-09-29 00:00:00,79.16,4,Apparel
TX100824,C0183,2025-09-29 00:00:00,41.16,1,Electronics
TX101315,C0291,2025-09-29 00:00:00,47.05,1,Electronics
TX101911,C0419,2025-09-29 00:00:00,248.9,5,Apparel
TX102738,C0584,2025-09-29 00:00:00,37.73,4,Home & Kitchen
TX103388,C0720,2025-09-29 00:00:00,116.36,5,Electronics
TX103512,C0749,2025-09-29 00:00:00,110.01,5,Electronics
TX103901,C0839,2025-09-29 00:00:00,101.14,10,Apparel
TX104026,C0874,2025-09-29 00:00:00,130.44,6,Apparel
TX100448,C0102,2025-09-30 00:00:00,106.33,7,Apparel
TX100536,C0121,2025-09-30 00:00:00,100.54,6,Apparel
TX100775,C0173,2025-09-30 00:00:00,165.04,5,Apparel
TX101239,C0276,2025-09-30 00:00:00,49.08,1,Apparel
TX101360,C0307,2025-09-30 00:00:00,229.6,5,Electronics
TX101626,C0359,2025-09-30 00:00:00,77.07,2,Beauty & Personal Care
TX102000,C0437,2025-09-30 00:00:00,157.55,3,Apparel
TX102397,C0507,2025-09-30 00:00:00,205.33,8,Electronics
TX103590,C0768,2025-09-30 00:00:00,96.47,2,Apparel
TX103668,C0784,2025-09-30 00:00:00,24.29,3,Sports & Outdoors
TX103871,C0831,2025-09-30 00:00:00,133.8,3,Apparel
TX104193,C0905,2025-09-30 00:00:00,182.05,4,Apparel
TX101051,C0236,2025-10-01 00:00:00,77.71,3,Electronics
TX101053,C0236,2025-10-01 00:00:00,202.85,8,Sports & Outdoors
TX101187,C0265,2025-10-01 00:00:00,62.49,2,Apparel
TX102993,C0632,2025-10-01 00:00:00,42.88,4,Apparel
TX103264,C0691,2025-10-01 00:00:00,56.84,5,Apparel
TX103404,C0725,2025-10-01 00:00:00,72.03,2,Home & Kitchen
TX104386,C0952,2025-10-01 00:00:00,40.97,4,Home & Kitchen
TX101714,C0379,2025-10-02 00:00:00,176.05,5,Apparel
TX101953,C0426,2025-10-02 00:00:00,57.04,2,Beauty & Personal Care
TX102567,C0541,2025-10-02 00:00:00,74.44,5,Sports & Outdoors
TX100558,C0126,2025-10-03 00:00:00,224.61,8,Electronics
TX100908,C0201,2025-10-03 00:00:00,104.52,4,Electronics
TX101243,C0277,2025-10-03 00:00:00,389.16,6,Apparel
TX101251,C0277,2025-10-03 00:00:00,365.32,7,Books
TX104481,C0972,2025-10-03 00:00:00,71.36,1,Apparel
TX100020,C0006,2025-10-04 00:00:00,22.4,1,Books
TX101268,C0281,2025-10-04 00:00:00,37.08,5,Electronics
TX101753,C0385,2025-10-04 00:00:00,221.97,9,Home & Kitchen
TX103610,C0771,2025-10-04 00:00:00,99.88,4,Electronics
TX104545,C0983,2025-10-04 00:00:00,225.12,5,Electronics
TX100096,C0024,2025-10-05 00:00:00,95.3,5,Electronics
TX101086,C0241,2025-10-05 00:00:00,75.88,1,Apparel
TX101296,C0285,2025-10-05 00:00:00,76.34,1,Home & Kitchen
TX101997,C0437,2025-10-05 00:00:00,242.7,8,Apparel
TX103891,C0834,2025-10-05 00:00:00,96.51,4,Apparel
TX101670,C0371,2025-10-06 00:00:00,125.05,7,Electronics
TX102059,C0448,2025-10-06 00:00:00,169.67,8,Home & Kitchen
TX102591,C0548,2025-10-06 00:00:00,238.38,6,Beauty & Personal Care
TX103394,C0721,2025-10-06 00:00:00,75.22,3,Books
TX103627,C0775,2025-10-06 00:00:00,235.83,4,Books
TX104553,C0985,2025-10-06 00:00:00,194.18,7,Electronics
TX100593,C0136,2025-10-07 00:00:00,81.04,3,Beauty & Personal Care
TX101350,C0303,2025-10-07 00:00:00,113.33,7,Electronics
TX101625,C0359,2025-10-07 00:00:00,29.7,2,Electronics
TX102369,C0500,2025-10-07 00:00:00,115.43,9,Electronics
TX103206,C0680,2025-10-07 00:00:00,60.55,1,Apparel
TX103377,C0717,2025-10-07 00:00:00,24.29,3,Home & Kitchen
TX103624,C0774,2025-10-07 00:00:00,30.95,5,Electronics
TX103929,C0847,2025-10-07 00:00:00,97.94,2,Home & Kitchen
TX100197,C0051,2025-10-08 00:00:00,98.42,2,Electronics
TX100671,C0152,2025-10-08 00:00:00,41.95,2,Apparel
TX101369,C0307,2025-10-08 00:00:00,158.64,8,Apparel
TX101991,C0435,2025-10-08 00:00:00,19.49,4,Apparel
TX102006,C0437,2025-10-08 00:00:00,231.86,9,Apparel
TX102244,C0478,2025-10-08 00:00:00,227.15,7,Sports & Outdoors
TX104130,C0894,2025-10-08 00:00:00,176.34,3,Apparel
TX102169,C0466,2025-10-09 00:00:00,240.33,10,Sports & Outdoors
TX102253,C0478,2025-10-09 00:00:00,185.13,4,Apparel
TX102919,C0617,2025-10-09 00:00:00,55.4,4,Home & Kitchen
TX103121,C0662,2025-10-09 00:00:00,405.22,3,Home & Kitchen
TX103595,C0769,2025-10-09 00:00:00,320.92,3,Electronics
TX104488,C0973,2025-10-09 00:00:00,244.51,3,Beauty & Personal Care
TX100382,C0094,2025-10-10 00:00:00,452.01,3,Apparel
TX100782,C0174,2025-10-10 00:00:00,58.48,5,Electronics
TX101171,C0260,2025-10-10 00:00:00,136.07,8,Apparel
TX101562,C0343,2025-10-10 00:00:00,430.52,10,Apparel
TX103776,C0812,2025-10-10 00:00:00,38.9,1,Apparel
TX100391,C0094,2025-10-11 00:00:00,255.31,6,Apparel
TX100446,C0101,2025-10-11 00:00:00,79.42,1,Apparel
TX101195,C0267,2025-10-11 00:00:00,94.5,2,Electronics
TX101797,C0393,2025-10-11 00:00:00,208.57,9,Home & Kitchen
TX102259,C0479,2025-10-11 00:00:00,80.1,4,Electronics
TX102334,C0496,2025-10-11 00:00:00,28.11,2,Home & Kitchen
TX102442,C0514,2025-10-11 00:00:00,183.18,10,Electronics
TX102542,C0535,2025-10-11 00:00:00,242.81,5,Apparel
TX102670,C0569,2025-10-11 00:00:00,46.11,4,Electronics
TX102748,C0586,2025-10-11 00:00:00,70.2,3,Sports & Outdoors
TX100616,C0139,2025-10-12 00:00:00,24.7,4,Apparel
TX100634,C0145,2025-10-12 00:00:00,357.51,6,Beauty & Personal Care
TX101045,C0235,2025-10-12 00:00:00,17.59,1,Apparel
TX101099,C0246,2025-10-12 00:00:00,126.14,6,Sports & Outdoors
TX101204,C0269,2025-10-12 00:00:00,351.33,6,Electronics
TX101685,C0374,2025-10-12 00:00:00,150.45,4,Apparel
TX103009,C0637,2025-10-12 00:00:00,242.84,3,Apparel
TX103717,C0796,2025-10-12 00:00:00,85.43,2,Electronics
TX103718,C0797,2025-10-12 00:00:00,162.7,9,Home & Kitchen
TX103724,C0799,2025-10-12 00:00:00,67.75,3,Apparel
TX100575,C0130,2025-10-13 00:00:00,58.99,3,Electronics
TX100679,C0155,2025-10-13 00:00:00,253.08,4,Books
TX100853,C0191,2025-10-13 00:00:00,226.35,6,Books
TX102153,C0463,2025-10-13 00:00:00,406.15,8,Apparel
TX102358,C0499,2025-10-13 00:00:00,193.61,3,Electronics
TX102991,C0632,2025-10-13 00:00:00,105.27,9,Electronics
TX101539,C0339,2025-10-14 00:00:00,29.24,3,Home & Kitchen
TX101594,C0354,2025-10-14 00:00:00,254.19,3,Home & Kitchen
TX101677,C0373,2025-10-14 00:00:00,45.61,2,Home & Kitchen
TX101752,C0385,2025-10-14 00:00:00,283.15,10,Apparel
TX102140,C0462,2025-10-14 00:00:00,61.46,3,Apparel
TX103313,C0701,2025-10-14 00:00:00,68.56,3,Electronics
TX103458,C0737,2025-10-14 00:00:00,108.58,8,Apparel
TX103711,C0794,2025-10-14 00:00:00,286.82,9,Books
TX103750,C0802,2025-10-14 00:00:00,47.86,3,Apparel
TX104160,C0897,2025-10-14 00:00:00,132.93,9,Electronics
TX104483,C0972,2025-10-14 00:00:00,42.79,3,Beauty & Personal Care
TX100451,C0103,2025-10-15 00:00:00,22.05,2,Electronics
TX101600,C0354,2025-10-15 00:00:00,280.48,5,Home & Kitchen
TX102175,C0468,2025-10-15 00:00:00,477.44,10,Electronics
TX103035,C0642,2025-10-15 00:00:00,118.34,3,Books
TX103190,C0678,2025-10-15 00:00:00,266.09,7,Beauty & Personal Care
TX103981,C0862,2025-10-15 00:00:00,51.67,3,Home & Kitchen
TX100008,C0003,2025-10-16 00:00:00,74.43,1,Electronics
TX100306,C0073,2025-10-16 00:00:00,37.18,5,Electronics
TX101680,C0374,2025-10-16 00:00:00,201.19,4,Beauty & Personal Care
TX102519,C0530,2025-10-16 00:00:00,28.36,2,Books
TX103464,C0739,2025-10-16 00:00:00,66.33,2,Home & Kitchen
TX103831,C0823,2025-10-16 00:00:00,101.66,3,Electronics
TX103875,C0832,2025-10-16 00:00:00,352.26,7,Apparel
TX104248,C0919,2025-10-16 00:00:00,73.48,5,Apparel
TX104372,C0949,2025-10-16 00:00:00,73.06,5,Home & Kitchen
TX101385,C0309,2025-10-17 00:00:00,168.18,5,Sports & Outdoors
TX103036,C0642,2025-10-17 00:00:00,36.78,1,Electronics
TX102079,C0451,2025-10-18 00:00:00,238.01,10,Apparel
TX102173,C0468,2025-10-18 00:00:00,263.01,10,Electronics
TX104473,C0970,2025-10-18 00:00:00,82.68,3,Apparel
TX100589,C0134,2025-10-19 00:00:00,103.95,9,Sports & Outdoors
TX101825,C0400,2025-10-19 00:00:00,70.86,4,Beauty & Personal Care
TX102852,C0600,2025-10-19 00:00:00,86.0,3,Apparel
TX103723,C0798,2025-10-19 00:00:00,65.48,3,Electronics
TX101242,C0277,2025-10-20 00:00:00,347.37,8,Beauty & Personal Care
TX101485,C0325,2025-10-20 00:00:00,237.88,5,Electronics
TX101592,C0354,2025-10-20 00:00:00,386.25,3,Apparel
TX103503,C0747,2025-10-20 00:00:00,161.46,9,Electronics
TX103569,C0764,2025-10-20 00:00:00,75.27,2,Electronics
TX103879,C0832,2025-10-20 00:00:00,166.4,4,Apparel
TX100919,C0204,2025-10-21 00:00:00,49.01,4,Apparel
TX101199,C0269,2025-10-21 00:00:00,304.47,8,Electronics
TX101558,C0343,2025-10-21 00:00:00,329.27,7,Beauty & Personal Care
TX101801,C0393,2025-10-21 00:00:00,243.6,5,Apparel
TX102395,C0507,2025-10-21 00:00:00,225.91,3,Sports & Outdoors
TX102804,C0593,2025-10-21 00:00:00,220.7,7,Sports & Outdoors
TX102873,C0607,2025-10-21 00:00:00,117.98,9,Apparel
TX103133,C0664,2025-10-21 00:00:00,205.27,9,Books
TX103254,C0689,2025-10-21 00:00:00,154.74,7,Electronics
TX104245,C0918,2025-10-21 00:00:00,43.21,1,Electronics
TX104377,C0950,2025-10-21 00:00:00,137.56,3,Beauty & Personal Care
TX104597,C0991,2025-10-21 00:00:00,215.93,7,Apparel
TX100672,C0152,2025-10-22 00:00:00,59.59,3,Apparel
TX100834,C0187,2025-10-22 00:00:00,119.05,6,Beauty & Personal Care
TX101052,C0236,2025-10-22 00:00:00,202.82,9,Apparel
TX101158,C0258,2025-10-22 00:00:00,20.96,1,Books
TX102146,C0463,2025-10-22 00:00:00,327.22,5,Home & Kitchen
TX102612,C0549,2025-10-22 00:00:00,201.43,4,Apparel
TX103390,C0720,2025-10-22 00:00:00,97.03,4,Apparel
TX101675,C0372,2025-10-23 00:00:00,75.33,5,Beauty & Personal Care
TX102183,C0468,2025-10-23 00:00:00,255.8,6,Apparel
TX102720,C0580,2025-10-23 00:00:00,106.83,6,Apparel
TX103919,C0843,2025-10-23 00:00:00,51.43,3,Apparel
TX104485,C0973,2025-10-23 00:00:00,215.29,6,Home & Kitchen
TX100115,C0029,2025-10-24 00:00:00,173.15,5,Beauty & Personal Care
TX101082,C0241,2025-10-24 00:00:00,120.84,3,Sports & Outdoors
TX102170,C0466,2025-10-24 00:00:00,67.35,4,Books
TX102578,C0545,2025-10-24 00:00:00,438.06,4,Sports & Outdoors
TX102664,C0567,2025-10-24 00:00:00,119.49,6,Apparel
TX102950,C0622,2025-10-24 00:00:00,158.22,4,Books
TX103089,C0659,2025-10-24 00:00:00,119.37,4,Apparel
TX103285,C0696,2025-10-24 00:00:00,360.33,5,Home & Kitchen
TX103737,C0800,2025-10-24 00:00:00,351.24,4,Apparel
TX104139,C0895,2025-10-24 00:00:00,212.52,7,Beauty & Personal Care
TX100240,C0058,2025-10-25 00:00:00,229.37,8,Sports & Outdoors
TX100573,C0129,2025-10-25 00:00:00,118.29,9,Home & Kitchen
TX101451,C0320,2025-10-25 00:00:00,115.14,5,Beauty & Personal Care
TX101722,C0379,2025-10-25 00:00:00,356.43,6,Home & Kitchen
TX101745,C0383,2025-10-25 00:00:00,99.17,2,Electronics
TX101961,C0428,2025-10-25 00:00:00,181.05,5,Sports & Outdoors
TX102053,C0446,2025-10-25 00:00:00,83.05,5,Apparel
TX102328,C0495,2025-10-25 00:00:00,142.44,7,Apparel
TX102403,C0507,2025-10-25 00:00:00,87.7,2,Apparel
TX102468,C0519,2025-10-25 00:00:00,45.21,2,Books
TX102534,C0534,2025-10-25 00:00:00,56.96,1,Apparel
TX102592,C0548,2025-10-25 00:00:00,158.85,6,Apparel
TX103402,C0725,2025-10-25 00:00:00,64.85,3,Books
TX103638,C0777,2025-10-25 00:00:00,67.62,3,Electronics
TX103688,C0792,2025-10-25 00:00:00,29.43,1,Home & Kitchen
TX104565,C0985,2025-10-25 00:00:00,425.64,3,Home & Kitchen
TX104585,C0990,2025-10-25 00:00:00,150.06,9,Electronics
TX100837,C0187,2025-10-26 00:00:00,162.28,10,Apparel
TX101564,C0343,2025-10-26 00:00:00,255.45,4,Electronics
TX101813,C0394,2025-10-26 00:00:00,199.11,10,Beauty & Personal Care
TX102155,C0463,2025-10-26 00:00:00,412.44,4,Electronics
TX103494,C0746,2025-10-26 00:00:00,70.83,4,Apparel
TX103495,C0746,2025-10-26 00:00:00,200.13,5,Books
TX104234,C0915,2025-10-26 00:00:00,23.05,1,Electronics
TX104594,C0991,2025-10-26 00:00:00,98.97,2,Home & Kitchen
TX100112,C0029,2025-10-27 00:00:00,185.24,8,Beauty & Personal Care
TX101572,C0345,2025-10-27 00:00:00,68.83,5,Electronics
TX102770,C0590,2025-10-27 00:00:00,382.81,5,Books
TX104317,C0940,2025-10-27 00:00:00,475.0,10,Electronics
TX101138,C0250,2025-10-28 00:00:00,380.88,3,Electronics
TX102506,C0527,2025-10-28 00:00:00,206.79,10,Sports & Outdoors
TX102596,C0549,2025-10-28 00:00:00,464.12,8,Electronics
TX103976,C0860,2025-10-28 00:00:00,29.05,5,Electronics
TX104624,C0993,2025-10-28 00:00:00,425.52,4,Beauty & Personal Care
TX100860,C0191,2025-10-29 00:00:00,288.83,7,Home & Kitchen
TX100939,C0209,2025-10-29 00:00:00,87.83,3,Apparel
TX101133,C0250,2025-10-29 00:00:00,182.47,10,Beauty & Personal Care
TX101346,C0303,2025-10-29 00:00:00,213.41,9,Sports & Outdoors
TX102040,C0443,2025-10-29 00:00:00,112.34,9,Apparel
TX102273,C0482,2025-10-29 00:00:00,60.95,2,Apparel
TX102352,C0498,2025-10-29 00:00:00,35.74,5,Electronics
TX102380,C0503,2025-10-29 00:00:00,235.39,6,Apparel
TX102633,C0556,2025-10-29 00:00:00,82.6,1,Beauty & Personal Care
TX103589,C0768,2025-10-29 00:00:00,64.82,3,Apparel
TX101263,C0280,2025-10-30 00:00:00,98.82,4,Electronics
TX101595,C0354,2025-10-30 00:00:00,406.17,9,Electronics
TX102260,C0480,2025-10-30 00:00:00,101.41,8,Apparel
TX102274,C0482,2025-10-30 00:00:00,107.18,3,Home & Kitchen
TX102936,C0620,2025-10-30 00:00:00,195.8,4,Electronics
TX103215,C0681,2025-10-30 00:00:00,134.46,5,Home & Kitchen
TX103238,C0687,2025-10-30 00:00:00,46.07,2,Sports & Outdoors
TX103395,C0722,2025-10-30 00:00:00,36.7,5,Sports & Outdoors
TX103666,C0784,2025-10-30 00:00:00,83.46,2,Apparel
TX103758,C0805,2025-10-30 00:00:00,201.32,9,Apparel
TX103803,C0818,2025-10-30 00:00:00,69.92,2,Sports & Outdoors
TX104122,C0893,2025-10-30 00:00:00,144.79,3,Electronics
TX104214,C0912,2025-10-30 00:00:00,196.2,8,Beauty & Personal Care
TX104599,C0991,2025-10-30 00:00:00,193.48,9,Books
TX100254,C0059,2025-10-31 00:00:00,50.81,4,Home & Kitchen
TX100964,C0215,2025-10-31 00:00:00,24.38,2,Apparel
TX101478,C0323,2025-10-31 00:00:00,206.73,4,Electronics
TX101636,C0364,2025-10-31 00:00:00,52.5,2,Electronics
TX102487,C0524,2025-10-31 00:00:00,99.57,3,Electronics
TX102640,C0560,2025-10-31 00:00:00,41.72,2,Beauty & Personal Care
TX103634,C0776,2025-10-31 00:00:00,93.79,5,Home & Kitchen
TX104246,C0918,2025-10-31 00:00:00,27.37,5,Apparel
TX100977,C0219,2025-11-01 00:00:00,112.72,7,Beauty & Personal Care
TX101258,C0279,2025-11-01 00:00:00,94.05,5,Books
TX101816,C0395,2025-11-01 00:00:00,34.04,4,Electronics
TX102188,C0469,2025-11-01 00:00:00,315.78,7,Apparel
TX103752,C0803,2025-11-01 00:00:00,50.19,5,Apparel
TX103963,C0856,2025-11-01 00:00:00,81.97,3,Apparel
TX100299,C0071,2025-11-02 00:00:00,26.62,1,Books
TX101394,C0312,2025-11-02 00:00:00,91.2,1,Apparel
TX101465,C0323,2025-11-02 00:00:00,497.6,9,Sports & Outdoors
TX101738,C0381,2025-11-02 00:00:00,85.04,1,Electronics
TX102582,C0545,2025-11-02 00:00:00,229.05,9,Apparel
TX103941,C0850,2025-11-02 00:00:00,78.33,2,Electronics
TX102104,C0454,2025-11-03 00:00:00,157.07,5,Beauty & Personal Care
TX100367,C0090,2025-11-04 00:00:00,84.6,3,Home & Kitchen
TX100726,C0163,2025-11-04 00:00:00,81.79,2,Apparel
TX100807,C0178,2025-11-04 00:00:00,382.86,3,Electronics
TX100959,C0214,2025-11-04 00:00:00,85.02,2,Home & Kitchen
TX101799,C0393,2025-11-04 00:00:00,82.85,3,Electronics
TX102284,C0484,2025-11-04 00:00:00,223.72,8,Home & Kitchen
TX103209,C0680,2025-11-04 00:00:00,85.08,1,Home & Kitchen
TX103751,C0802,2025-11-04 00:00:00,64.9,1,Apparel
TX104117,C0893,2025-11-04 00:00:00,79.56,3,Beauty & Personal Care
TX100193,C0050,2025-11-05 00:00:00,106.99,9,Beauty & Personal Care
TX101232,C0274,2025-11-05 00:00:00,159.41,7,Home & Kitchen
TX101320,C0292,2025-11-05 00:00:00,96.57,2,Apparel
TX102726,C0581,2025-11-05 00:00:00,61.44,3,Home & Kitchen
TX103103,C0661,2025-11-05 00:00:00,247.66,10,Books
TX103858,C0828,2025-11-05 00:00:00,24.03,4,Home & Kitchen
TX104583,C0989,2025-11-05 00:00:00,37.56,5,Home & Kitchen
TX100435,C0100,2025-11-06 00:00:00,314.59,5,Books
TX100548,C0125,2025-11-06 00:00:00,80.16,4,Electronics
TX100550,C0125,2025-11-06 00:00:00,57.15,3,Apparel
TX100553,C0126,2025-11-06 00:00:00,94.78,4,Electronics
TX101467,C0323,2025-11-06 00:00:00,289.07,6,Apparel
TX101537,C0338,2025-11-06 00:00:00,102.93,6,Apparel
TX101681,C0374,2025-11-06 00:00:00,159.29,3,Electronics
TX102587,C0546,2025-11-06 00:00:00,33.01,5,Apparel
TX102690,C0575,2025-11-06 00:00:00,482.99,6,Home & Kitchen
TX103067,C0653,2025-11-06 00:00:00,84.04,1,Electronics
TX103088,C0659,2025-11-06 00:00:00,88.88,4,Electronics
TX103171,C0671,2025-11-06 00:00:00,37.1,5,Books
TX103412,C0726,2025-11-06 00:00:00,412.82,8,Electronics
TX103578,C0765,2025-11-06 00:00:00,193.29,3,Electronics
TX103725,C0800,2025-11-06 00:00:00,214.28,5,Electronics
TX104325,C0940,2025-11-06 00:00:00,198.2,3,Beauty & Personal Care
TX100129,C0032,2025-11-07 00:00:00,21.2,1,Apparel
TX101143,C0251,2025-11-07 00:00:00,72.9,1,Apparel
TX101323,C0293,2025-11-07 00:00:00,43.2,5,Electronics
TX101516,C0332,2025-11-07 00:00:00,82.53,5,Beauty & Personal Care
TX102509,C0527,2025-11-07 00:00:00,232.77,5,Electronics
TX102695,C0575,2025-11-07 00:00:00,393.35,10,Electronics
TX102895,C0614,2025-11-07 00:00:00,169.22,5,Home & Kitchen
TX103611,C0771,2025-11-07 00:00:00,228.85,9,Apparel
TX103799,C0816,2025-11-07 00:00:00,119.29,3,Sports & Outdoors
TX100191,C0050,2025-11-08 00:00:00,39.88,3,Electronics
TX101445,C0319,2025-11-08 00:00:00,161.84,4,Sports & Outdoors
TX101862,C0413,2025-11-08 00:00:00,61.23,5,Home & Kitchen
TX103594,C0769,2025-11-08 00:00:00,446.59,6,Electronics
TX103657,C0782,2025-11-08 00:00:00,171.11,5,Apparel
TX103932,C0848,2025-11-08 00:00:00,114.0,9,Sports & Outdoors
TX104024,C0874,2025-11-08 00:00:00,182.93,3,Books
TX104251,C0921,2025-11-08 00:00:00,93.09,1,Home & Kitchen
TX100235,C0057,2025-11-09 00:00:00,144.33,3,Apparel
TX102181,C0468,2025-11-09 00:00:00,219.69,10,Electronics
TX102687,C0575,2025-11-09 00:00:00,345.13,7,Electronics
TX103626,C0775,2025-11-09 00:00:00,202.62,7,Beauty & Personal Care
TX104276,C0928,2025-11-09 00:00:00,115.49,3,Electronics
TX104554,C0985,2025-11-09 00:00:00,254.44,7,Home & Kitchen
TX100087,C0023,2025-11-10 00:00:00,178.79,9,Apparel
TX100764,C0172,2025-11-10 00:00:00,172.62,10,Electronics
TX101774,C0387,2025-11-10 00:00:00,73.95,5,Books
TX103134,C0664,2025-11-10 00:00:00,177.63,4,Apparel
TX103358,C0714,2025-11-10 00:00:00,311.94,6,Apparel
TX104258,C0923,2025-11-10 00:00:00,105.75,5,Sports & Outdoors
TX100602,C0138,2025-11-11 00:00:00,193.67,8,Sports & Outdoors
TX100635,C0145,2025-11-11 00:00:00,373.08,7,Apparel
TX100844,C0190,2025-11-11 00:00:00,105.68,9,Apparel
TX101565,C0343,2025-11-11 00:00:00,302.79,6,Electronics
TX101784,C0390,2025-11-11 00:00:00,38.46,3,Apparel
TX103207,C0680,2025-11-11 00:00:00,237.63,10,Apparel
TX103559,C0759,2025-11-11 00:00:00,64.88,1,Apparel
TX103603,C0770,2025-11-11 00:00:00,89.15,4,Apparel
TX103934,C0848,2025-11-11 00:00:00,94.69,5,Books
TX104124,C0893,2025-11-11 00:00:00,146.31,9,Electronics
TX104182,C0903,2025-11-11 00:00:00,75.87,5,Apparel
TX104326,C0940,2025-11-11 00:00:00,440.64,3,Beauty & Personal Care
TX104396,C0955,2025-11-11 00:00:00,81.05,1,Apparel
TX104563,C0985,2025-11-11 00:00:00,279.82,8,Home & Kitchen
TX100185,C0048,2025-11-12 00:00:00,88.52,4,Apparel
TX101134,C0250,2025-11-12 00:00:00,286.78,10,Books
TX101266,C0280,2025-11-12 00:00:00,216.12,10,Beauty & Personal Care
TX101373,C0307,2025-11-12 00:00:00,432.81,8,Sports & Outdoors
TX102874,C0607,2025-11-12 00:00:00,51.06,3,Home & Kitchen
TX103591,C0769,2025-11-12 00:00:00,303.43,7,Electronics
TX103659,C0782,2025-11-12 00:00:00,134.65,3,Home & Kitchen
TX104280,C0930,2025-11-12 00:00:00,27.51,2,Home & Kitchen
TX104418,C0958,2025-11-12 00:00:00,149.59,3,Electronics
TX100211,C0055,2025-11-13 00:00:00,376.67,4,Electronics
TX100486,C0110,2025-11-13 00:00:00,152.36,10,Electronics
TX101894,C0418,2025-11-13 00:00:00,65.25,5,Home & Kitchen
TX102363,C0499,2025-11-13 00:00:00,230.16,3,Apparel
TX102455,C0516,2025-11-13 00:00:00,303.11,7,Electronics
TX102976,C0626,2025-11-13 00:00:00,105.43,5,Books
TX103278,C0696,2025-11-13 00:00:00,258.22,8,Apparel
TX103570,C0765,2025-11-13 00:00:00,83.73,1,Apparel
TX103593,C0769,2025-11-13 00:00:00,395.81,10,Electronics
TX103797,C0816,2025-11-13 00:00:00,239.84,8,Electronics
TX103915,C0842,2025-11-13 00:00:00,93.51,3,Books
TX104005,C0869,2025-11-13 00:00:00,486.01,7,Electronics
TX104629,C0995,2025-11-13 00:00:00,29.2,2,Beauty & Personal Care
TX100976,C0218,2025-11-14 00:00:00,13.19,2,Apparel
TX101068,C0239,2025-11-14 00:00:00,205.0,10,Home & Kitchen
TX101170,C0260,2025-11-14 00:00:00,197.42,7,Apparel
TX101205,C0269,2025-11-14 00:00:00,246.41,9,Apparel
TX101206,C0269,2025-11-14 00:00:00,226.96,7,Apparel
TX101945,C0424,2025-11-14 00:00:00,54.13,3,Sports & Outdoors
TX102322,C0493,2025-11-14 00:00:00,198.18,4,Electronics
TX102497,C0525,2025-11-14 00:00:00,89.25,1,Beauty & Personal Care
TX103294,C0698,2025-11-14 00:00:00,342.93,10,Electronics
TX103459,C0737,2025-11-14 00:00:00,100.95,5,Electronics
TX103479,C0741,2025-11-14 00:00:00,37.77,5,Beauty & Personal Care
TX103916,C0842,2025-11-14 00:00:00,109.34,8,Books
TX104241,C0917,2025-11-14 00:00:00,102.29,8,Books
TX100622,C0140,2025-11-15 00:00:00,30.78,2,Sports & Outdoors
TX101644,C0366,2025-11-15 00:00:00,20.69,1,Home & Kitchen
TX102193,C0469,2025-11-15 00:00:00,380.95,8,Home & Kitchen
TX103154,C0667,2025-11-15 00:00:00,498.64,7,Home & Kitchen
TX103410,C0726,2025-11-15 00:00:00,476.49,3,Apparel
TX104480,C0971,2025-11-15 00:00:00,20.29,1,Sports & Outdoors
TX100050,C0012,2025-11-16 00:00:00,34.93,3,Electronics
TX100805,C0178,2025-11-16 00:00:00,354.98,10,Apparel
TX101577,C0348,2025-11-16 00:00:00,35.07,3,Apparel
TX101790,C0391,2025-11-16 00:00:00,90.76,3,Electronics
TX102998,C0633,2025-11-16 00:00:00,56.2,3,Electronics
TX103496,C0746,2025-11-16 00:00:00,61.02,2,Books
TX103874,C0832,2025-11-16 00:00:00,446.99,4,Home & Kitchen
TX104263,C0925,2025-11-16 00:00:00,89.35,3,Electronics
TX104415,C0958,2025-11-16 00:00:00,85.37,2,Electronics
TX104535,C0980,2025-11-16 00:00:00,90.67,2,Electronics
TX100186,C0048,2025-11-17 00:00:00,87.01,1,Electronics
TX100637,C0145,2025-11-17 00:00:00,428.96,3,Electronics
TX102683,C0574,2025-11-17 00:00:00,73.91,4,Sports & Outdoors
TX103018,C0638,2025-11-17 00:00:00,46.17,4,Electronics
TX103832,C0823,2025-11-17 00:00:00,101.52,8,Apparel
TX103920,C0843,2025-11-17 00:00:00,93.67,5,Home & Kitchen
TX104212,C0912,2025-11-17 00:00:00,182.86,10,Electronics
TX104281,C0930,2025-11-17 00:00:00,64.23,3,Electronics
TX100078,C0019,2025-11-18 00:00:00,29.05,2,Beauty & Personal Care
TX100098,C0024,2025-11-18 00:00:00,138.06,8,Electronics
TX100365,C0090,2025-11-18 00:00:00,104.41,9,Apparel
TX100883,C0196,2025-11-18 00:00:00,115.74,6,Home & Kitchen
TX100893,C0198,2025-11-18 00:00:00,110.92,7,Electronics
TX101671,C0371,2025-11-18 00:00:00,112.88,4,Home & Kitchen
TX102149,C0463,2025-11-18 00:00:00,178.61,9,Beauty & Personal Care
TX102154,C0463,2025-11-18 00:00:00,333.09,9,Electronics
TX103676,C0786,2025-11-18 00:00:00,46.01,5,Home & Kitchen
TX104111,C0891,2025-11-18 00:00:00,76.14,5,Books
TX104566,C0985,2025-11-18 00:00:00,295.77,4,Apparel
TX100021,C0006,2025-11-19 00:00:00,99.96,4,Apparel
TX100848,C0191,2025-11-19 00:00:00,248.83,6,Books
TX101622,C0358,2025-11-19 00:00:00,119.58,3,Books
TX101713,C0379,2025-11-19 00:00:00,429.12,10,Beauty & Personal Care
TX103357,C0714,2025-11-19 00:00:00,278.8,4,Electronics
TX104132,C0894,2025-11-19 00:00:00,429.93,9,Apparel
TX104287,C0931,2025-11-19 00:00:00,78.07,4,Apparel
TX104605,C0992,2025-11-19 00:00:00,93.14,1,Books
TX104607,C0992,2025-11-19 00:00:00,41.54,4,Beauty & Personal Care
TX100243,C0058,2025-11-20 00:00:00,213.8,5,Beauty & Personal Care
TX102261,C0480,2025-11-20 00:00:00,195.84,6,Apparel
TX102302,C0488,2025-11-20 00:00:00,485.87,6,Sports & Outdoors
TX102963,C0624,2025-11-20 00:00:00,61.08,2,Electronics
TX103029,C0640,2025-11-20 00:00:00,57.68,1,Beauty & Personal Care
TX101190,C0265,2025-11-21 00:00:00,194.62,5,Beauty & Personal Care
TX101576,C0348,2025-11-21 00:00:00,29.29,4,Home & Kitchen
TX102141,C0463,2025-11-21 00:00:00,280.24,8,Books
TX102565,C0541,2025-11-21 00:00:00,100.67,4,Electronics
TX102699,C0575,2025-11-21 00:00:00,401.79,10,Apparel
TX103085,C0658,2025-11-21 00:00:00,104.76,10,Sports & Outdoors
TX103405,C0725,2025-11-21 00:00:00,20.93,1,Electronics
TX103876,C0832,2025-11-21 00:00:00,326.19,6,Electronics
TX104344,C0944,2025-11-21 00:00:00,94.67,4,Apparel
TX100109,C0027,2025-11-22 00:00:00,32.68,1,Beauty & Personal Care
TX100703,C0158,2025-11-22 00:00:00,85.96,1,Apparel
TX102382,C0503,2025-11-22 00:00:00,135.01,3,Apparel
TX102905,C0614,2025-11-22 00:00:00,490.38,8,Apparel
TX102914,C0616,2025-11-22 00:00:00,46.71,5,Apparel
TX102938,C0620,2025-11-22 00:00:00,68.32,3,Apparel
TX103087,C0658,2025-11-22 00:00:00,20.51,1,Apparel
TX103330,C0707,2025-11-22 00:00:00,232.13,9,Apparel
TX103835,C0824,2025-11-22 00:00:00,51.1,5,Apparel
TX101196,C0268,2025-11-23 00:00:00,28.67,4,Home & Kitchen
TX101570,C0345,2025-11-23 00:00:00,97.33,3,Beauty & Personal Care
TX102266,C0480,2025-11-23 00:00:00,126.16,7,Apparel
TX103457,C0737,2025-11-23 00:00:00,111.2,5,Electronics
TX103755,C0804,2025-11-23 00:00:00,106.62,8,Beauty & Personal Care
TX104237,C0916,2025-11-23 00:00:00,80.06,4,Home & Kitchen
TX104595,C0991,2025-11-23 00:00:00,86.35,5,Beauty & Personal Care
TX100650,C0146,2025-11-24 00:00:00,136.06,3,Apparel
TX101765,C0385,2025-11-24 00:00:00,212.08,3,Electronics
TX101810,C0394,2025-11-24 00:00:00,262.67,7,Electronics
TX102143,C0463,2025-11-24 00:00:00,276.12,9,Electronics
TX102515,C0529,2025-11-24 00:00:00,71.8,5,Apparel
TX102731,C0582,2025-11-24 00:00:00,134.96,4,Apparel
TX103444,C0734,2025-11-24 00:00:00,88.43,1,Apparel
TX103448,C0734,2025-11-24 00:00:00,115.94,10,Beauty & Personal Care
TX103522,C0751,2025-11-24 00:00:00,162.79,7,Apparel
TX103701,C0794,2025-11-24 00:00:00,340.4,10,Electronics
TX103795,C0815,2025-11-24 00:00:00,403.19,5,Electronics
TX104353,C0947,2025-11-24 00:00:00,77.55,3,Apparel
TX104555,C0985,2025-11-24 00:00:00,427.57,5,Apparel
TX100280,C0068,2025-11-25 00:00:00,55.74,1,Apparel
TX100462,C0104,2025-11-25 00:00:00,190.02,7,Beauty & Personal Care
TX100606,C0138,2025-11-25 00:00:00,248.26,6,Electronics
TX101151,C0255,2025-11-25 00:00:00,101.59,4,Home & Kitchen
TX101275,C0283,2025-11-25 00:00:00,242.93,10,Beauty & Personal Care
TX101321,C0292,2025-11-25 00:00:00,74.95,1,Apparel
TX102590,C0548,2025-11-25 00:00:00,201.81,9,Books
TX102891,C0614,2025-11-25 00:00:00,432.45,4,Books
TX103007,C0636,2025-11-25 00:00:00,109.77,8,Books
TX103131,C0663,2025-11-25 00:00:00,229.66,5,Electronics
TX104274,C0928,2025-11-25 00:00:00,21.6,2,Apparel
TX104409,C0957,2025-11-25 00:00:00,89.98,4,Apparel
TX100496,C0111,2025-11-26 00:00:00,86.71,2,Electronics
TX101540,C0339,2025-11-26 00:00:00,97.24,5,Apparel
TX101727,C0379,2025-11-26 00:00:00,214.45,10,Electronics
TX102925,C0619,2025-11-26 00:00:00,185.77,5,Electronics
TX103185,C0677,2025-11-26 00:00:00,75.6,1,Books
TX103877,C0832,2025-11-26 00:00:00,469.51,9,Home & Kitchen
TX104129,C0894,2025-11-26 00:00:00,374.56,10,Home & Kitchen
TX104494,C0974,2025-11-26 00:00:00,94.66,2,Apparel
TX100079,C0020,2025-11-27 00:00:00,86.09,4,Apparel
TX100564,C0128,2025-11-27 00:00:00,241.89,6,Books
TX100759,C0172,2025-11-27 00:00:00,332.31,9,Home & Kitchen
TX102251,C0478,2025-11-27 00:00:00,187.59,6,Home & Kitchen
TX102733,C0582,2025-11-27 00:00:00,198.5,8,Home & Kitchen
TX103198,C0678,2025-11-27 00:00:00,352.05,6,Books
TX103349,C0713,2025-11-27 00:00:00,109.05,9,Home & Kitchen
TX103838,C0824,2025-11-27 00:00:00,119.95,6,Electronics
TX101240,C0277,2025-11-28 00:00:00,434.1,9,Apparel
TX101464,C0322,2025-11-28 00:00:00,43.83,5,Apparel
TX101786,C0390,2025-11-28 00:00:00,95.99,2,Apparel
TX102494,C0525,2025-11-28 00:00:00,71.64,4,Electronics
TX103231,C0685,2025-11-28 00:00:00,73.38,4,Sports & Outdoors
TX103968,C0858,2025-11-28 00:00:00,81.57,2,Sports & Outdoors
TX104454,C0967,2025-11-28 00:00:00,55.6,1,Books
TX104522,C0978,2025-11-28 00:00:00,249.9,10,Apparel
TX101070,C0239,2025-11-29 00:00:00,136.18,5,Apparel
TX102185,C0468,2025-11-29 00:00:00,185.54,5,Electronics
TX102607,C0549,2025-11-29 00:00:00,350.93,3,Books
TX103352,C0714,2025-11-29 00:00:00,163.17,9,Sports & Outdoors
TX103399,C0724,2025-11-29 00:00:00,25.84,2,Apparel
TX103607,C0771,2025-11-29 00:00:00,225.18,10,Electronics
TX100196,C0051,2025-11-30 00:00:00,85.92,2,Home & Kitchen
TX100251,C0058,2025-11-30 00:00:00,315.87,7,Sports & Outdoors
TX100647,C0145,2025-11-30 00:00:00,186.7,3,Apparel
TX101533,C0338,2025-11-30 00:00:00,75.44,2,Apparel
TX102178,C0468,2025-11-30 00:00:00,394.38,10,Electronics
TX102321,C0492,2025-11-30 00:00:00,10.04,1,Electronics
TX103051,C0648,2025-11-30 00:00:00,76.67,5,Apparel
TX103259,C0689,2025-11-30 00:00:00,460.15,6,Books
TX103829,C0822,2025-11-30 00:00:00,78.67,4,Apparel
TX103834,C0823,2025-11-30 00:00:00,44.71,1,Electronics
TX103936,C0849,2025-11-30 00:00:00,69.55,1,Electronics
TX104283,C0930,2025-11-30 00:00:00,89.44,4,Home & Kitchen
TX100088,C0023,2025-12-01 00:00:00,163.57,5,Apparel
TX100179,C0046,2025-12-01 00:00:00,105.46,5,Home & Kitchen
TX100297,C0070,2025-12-01 00:00:00,218.72,3,Books
TX100431,C0099,2025-12-01 00:00:00,81.29,3,Apparel
TX100465,C0106,2025-12-01 00:00:00,55.55,5,Electronics
TX100906,C0201,2025-12-01 00:00:00,72.06,2,Apparel
TX101129,C0250,2025-12-01 00:00:00,404.21,9,Books
TX102194,C0469,2025-12-01 00:00:00,173.39,5,Home & Kitchen
TX103571,C0765,2025-12-01 00:00:00,237.06,7,Apparel
TX103605,C0770,2025-12-01 00:00:00,101.22,3,Electronics
TX104142,C0895,2025-12-01 00:00:00,484.89,10,Apparel
TX100328,C0076,2025-12-02 00:00:00,35.27,5,Home & Kitchen
TX100490,C0110,2025-12-02 00:00:00,63.95,3,Books
TX101270,C0283,2025-12-02 00:00:00,186.86,9,Apparel
TX101339,C0300,2025-12-02 00:00:00,67.9,1,Electronics
TX101781,C0389,2025-12-02 00:00:00,41.93,2,Beauty & Personal Care
TX101846,C0406,2025-12-02 00:00:00,55.18,5,Books
TX102964,C0624,2025-12-02 00:00:00,52.77,5,Electronics
TX100911,C0202,2025-12-03 00:00:00,242.81,9,Home & Kitchen
TX101121,C0249,2025-12-03 00:00:00,43.1,2,Apparel
TX103252,C0689,2025-12-03 00:00:00,425.28,8,Home & Kitchen
TX103754,C0804,2025-12-03 00:00:00,39.93,4,Home & Kitchen
TX101025,C0230,2025-12-04 00:00:00,104.88,5,Apparel
TX101481,C0324,2025-12-04 00:00:00,49.68,4,Sports & Outdoors
TX102052,C0446,2025-12-04 00:00:00,69.05,3,Home & Kitchen
TX102703,C0577,2025-12-04 00:00:00,79.59,1,Books
TX103126,C0663,2025-12-04 00:00:00,87.04,3,Books
TX103498,C0746,2025-12-04 00:00:00,60.73,1,Apparel
TX103841,C0825,2025-12-04 00:00:00,223.45,10,Beauty & Personal Care
TX104453,C0966,2025-12-04 00:00:00,78.03,3,Electronics
TX100439,C0100,2025-12-05 00:00:00,221.31,7,Electronics
TX100735,C0165,2025-12-05 00:00:00,64.4,5,Electronics
TX100843,C0190,2025-12-05 00:00:00,90.04,1,Sports & Outdoors
TX101829,C0401,2025-12-05 00:00:00,118.31,4,Electronics
TX102017,C0441,2025-12-05 00:00:00,209.37,4,Home & Kitchen
TX102271,C0481,2025-12-05 00:00:00,159.8,7,Apparel
TX102365,C0499,2025-12-05 00:00:00,134.02,10,Apparel
TX102926,C0619,2025-12-05 00:00:00,353.0,6,Beauty & Personal Care
TX103188,C0678,2025-12-05 00:00:00,363.03,5,Apparel
TX103244,C0688,2025-12-05 00:00:00,197.13,8,Sports & Outdoors
TX103338,C0709,2025-12-05 00:00:00,40.3,5,Electronics
TX103560,C0759,2025-12-05 00:00:00,111.4,3,Home & Kitchen
TX104064,C0883,2025-12-05 00:00:00,50.47,4,Books
TX104340,C0944,2025-12-05 00:00:00,84.84,2,Books
TX100690,C0155,2025-12-06 00:00:00,300.08,9,Electronics
TX101141,C0250,2025-12-06 00:00:00,474.3,6,Home & Kitchen
TX101469,C0323,2025-12-06 00:00:00,183.39,5,Electronics
TX102462,C0518,2025-12-06 00:00:00,42.06,2,Electronics
TX102769,C0590,2025-12-06 00:00:00,418.43,9,Apparel
TX103243,C0688,2025-12-06 00:00:00,154.88,10,Apparel
TX103269,C0692,2025-12-06 00:00:00,39.4,2,Beauty & Personal Care
TX103615,C0772,2025-12-06 00:00:00,103.27,8,Electronics
TX103996,C0868,2025-12-06 00:00:00,181.17,7,Apparel
TX104206,C0911,2025-12-06 00:00:00,46.8,4,Electronics
TX104209,C0911,2025-12-06 00:00:00,92.89,1,Apparel
TX100071,C0017,2025-12-07 00:00:00,99.57,5,Apparel
TX101285,C0284,2025-12-07 00:00:00,104.02,4,Apparel
TX102347,C0497,2025-12-07 00:00:00,265.55,3,Sports & Outdoors
TX102871,C0607,2025-12-07 00:00:00,27.89,5,Electronics
TX102941,C0620,2025-12-07 00:00:00,202.59,10,Electronics
TX103771,C0810,2025-12-07 00:00:00,72.34,1,Apparel
TX104342,C0944,2025-12-07 00:00:00,122.61,7,Home & Kitchen
TX100532,C0119,2025-12-08 00:00:00,105.85,7,Books
TX100546,C0124,2025-12-08 00:00:00,116.8,4,Home & Kitchen
TX101159,C0258,2025-12-08 00:00:00,66.54,3,Beauty & Personal Care
TX101620,C0358,2025-12-08 00:00:00,87.45,1,Electronics
TX102333,C0496,2025-12-08 00:00:00,94.25,4,Home & Kitchen
TX102637,C0558,2025-12-08 00:00:00,56.78,5,Apparel
TX103351,C0713,2025-12-08 00:00:00,44.43,3,Home & Kitchen
TX103376,C0717,2025-12-08 00:00:00,105.91,5,Electronics
TX103408,C0726,2025-12-08 00:00:00,313.96,4,Books
TX103789,C0815,2025-12-08 00:00:00,390.32,4,Home & Kitchen
TX104166,C0899,2025-12-08 00:00:00,50.11,2,Apparel
TX100279,C0068,2025-12-09 00:00:00,78.17,2,Apparel
TX100368,C0091,2025-12-09 00:00:00,105.31,5,Electronics
TX100379,C0094,2025-12-09 00:00:00,265.25,9,Beauty & Personal Care
TX102451,C0516,2025-12-09 00:00:00,492.04,9,Home & Kitchen
TX102782,C0590,2025-12-09 00:00:00,484.37,9,Books
TX101292,C0285,2025-12-10 00:00:00,80.46,4,Apparel
TX102610,C0549,2025-12-10 00:00:00,440.6,10,Electronics
TX103267,C0692,2025-12-10 00:00:00,99.75,3,Apparel
TX104194,C0906,2025-12-10 00:00:00,42.58,1,Books
TX100130,C0033,2025-12-11 00:00:00,41.94,3,Apparel
TX100822,C0182,2025-12-11 00:00:00,103.24,10,Electronics
TX101013,C0227,2025-12-11 00:00:00,101.07,4,Books
TX101017,C0229,2025-12-11 00:00:00,94.56,4,Apparel
TX101387,C0311,2025-12-11 00:00:00,51.38,1,Apparel
TX101662,C0370,2025-12-11 00:00:00,87.84,3,Beauty & Personal Care
TX101782,C0389,2025-12-11 00:00:00,42.56,1,Books
TX101947,C0425,2025-12-11 00:00:00,70.56,2,Electronics
TX102063,C0448,2025-12-11 00:00:00,229.21,8,Apparel
TX102167,C0466,2025-12-11 00:00:00,223.62,9,Books
TX102544,C0535,2025-12-11 00:00:00,196.45,6,Apparel
TX102955,C0622,2025-12-11 00:00:00,132.42,7,Home & Kitchen
TX103766,C0808,2025-12-11 00:00:00,74.33,1,Sports & Outdoors
TX104135,C0895,2025-12-11 00:00:00,497.99,9,Electronics
TX100217,C0055,2025-12-12 00:00:00,299.07,7,Home & Kitchen
TX100982,C0220,2025-12-12 00:00:00,82.6,1,Beauty & Personal Care
TX101578,C0349,2025-12-12 00:00:00,28.27,4,Electronics
TX101988,C0434,2025-12-12 00:00:00,161.14,9,Electronics
TX102002,C0437,2025-12-12 00:00:00,145.3,9,Apparel
TX100145,C0037,2025-12-13 00:00:00,85.29,1,Sports & Outdoors
TX100300,C0071,2025-12-13 00:00:00,112.01,6,Home & Kitchen
TX100563,C0128,2025-12-13 00:00:00,96.56,5,Apparel
TX101273,C0283,2025-12-13 00:00:00,62.09,3,Electronics
TX101338,C0299,2025-12-13 00:00:00,69.89,1,Apparel
TX101944,C0424,2025-12-13 00:00:00,92.49,1,Home & Kitchen
TX102107,C0454,2025-12-13 00:00:00,65.48,5,Sports & Outdoors
TX103079,C0657,2025-12-13 00:00:00,57.28,1,Apparel
TX103164,C0669,2025-12-13 00:00:00,168.55,9,Beauty & Personal Care
TX104220,C0913,2025-12-13 00:00:00,185.41,3,Electronics
TX104315,C0939,2025-12-13 00:00:00,44.49,4,Apparel
TX100804,C0178,2025-12-14 00:00:00,282.2,7,Electronics
TX101628,C0360,2025-12-14 00:00:00,51.94,3,Home & Kitchen
TX101865,C0413,2025-12-14 00:00:00,63.13,3,Beauty & Personal Care
TX101867,C0414,2025-12-14 00:00:00,121.12,6,Books
TX102577,C0545,2025-12-14 00:00:00,315.3,10,Apparel
TX102789,C0591,2025-12-14 00:00:00,168.5,7,Beauty & Personal Care
TX102865,C0604,2025-12-14 00:00:00,22.48,5,Apparel
TX104323,C0940,2025-12-14 00:00:00,244.59,9,Apparel
TX104378,C0950,2025-12-14 00:00:00,213.88,7,Electronics
TX100416,C0098,2025-12-15 00:00:00,251.57,7,Electronics
TX100438,C0100,2025-12-15 00:00:00,446.04,5,Electronics
TX100545,C0124,2025-12-15 00:00:00,70.58,4,Books
TX100561,C0128,2025-12-15 00:00:00,224.53,3,Home & Kitchen
TX101278,C0284,2025-12-15 00:00:00,184.62,8,Home & Kitchen
TX102312,C0490,2025-12-15 00:00:00,56.8,5,Home & Kitchen
TX102575,C0545,2025-12-15 00:00:00,422.52,4,Apparel
TX104008,C0869,2025-12-15 00:00:00,394.81,10,Electronics
TX104196,C0906,2025-12-15 00:00:00,79.08,5,Apparel
TX100676,C0153,2025-12-16 00:00:00,140.96,10,Apparel
TX100968,C0216,2025-12-16 00:00:00,192.37,5,Apparel
TX101376,C0308,2025-12-16 00:00:00,76.54,5,Home & Kitchen
TX101452,C0320,2025-12-16 00:00:00,138.55,6,Sports & Outdoors
TX101980,C0431,2025-12-16 00:00:00,96.26,4,Apparel
TX102191,C0469,2025-12-16 00:00:00,471.75,5,Electronics
TX102285,C0485,2025-12-16 00:00:00,27.21,2,Books
TX102808,C0593,2025-12-16 00:00:00,375.02,5,Books
TX103322,C0705,2025-12-16 00:00:00,62.83,1,Home & Kitchen
TX103999,C0869,2025-12-16 00:00:00,395.14,4,Home & Kitchen
TX104561,C0985,2025-12-16 00:00:00,440.63,8,Apparel
TX100284,C0069,2025-12-17 00:00:00,102.68,7,Apparel
TX100571,C0129,2025-12-17 00:00:00,77.29,1,Apparel
TX100643,C0145,2025-12-17 00:00:00,491.78,6,Books
TX100695,C0157,2025-12-17 00:00:00,167.84,3,Sports & Outdoors
TX100755,C0172,2025-12-17 00:00:00,170.97,8,Apparel
TX100767,C0172,2025-12-17 00:00:00,299.18,10,Apparel
TX101448,C0320,2025-12-17 00:00:00,233.32,4,Home & Kitchen
TX101461,C0321,2025-12-17 00:00:00,140.78,3,Apparel
TX101514,C0331,2025-12-17 00:00:00,80.68,1,Home & Kitchen
TX101658,C0370,2025-12-17 00:00:00,88.12,3,Electronics
TX102907,C0615,2025-12-17 00:00:00,61.88,3,Apparel
TX103115,C0662,2025-12-17 00:00:00,430.07,9,Sports & Outdoors
TX103411,C0726,2025-12-17 00:00:00,199.7,10,Home & Kitchen
TX103508,C0748,2025-12-17 00:00:00,70.57,1,Beauty & Personal Care
TX103908,C0841,2025-12-17 00:00:00,64.53,4,Home & Kitchen
TX104078,C0885,2025-12-17 00:00:00,172.51,6,Electronics
TX100187,C0049,2025-12-18 00:00:00,40.96,3,Apparel
TX100599,C0138,2025-12-18 00:00:00,425.56,4,Apparel
TX100620,C0140,2025-12-18 00:00:00,26.28,1,Electronics
TX101282,C0284,2025-12-18 00:00:00,169.45,7,Electronics
TX102057,C0447,2025-12-18 00:00:00,40.95,3,Home & Kitchen
TX102532,C0533,2025-12-18 00:00:00,335.51,9,Apparel
TX102984,C0629,2025-12-18 00:00:00,48.09,1,Electronics
TX103248,C0688,2025-12-18 00:00:00,84.03,2,Apparel
TX103320,C0703,2025-12-18 00:00:00,45.14,1,Books
TX103359,C0714,2025-12-18 00:00:00,495.61,8,Home & Kitchen
TX103579,C0765,2025-12-18 00:00:00,134.93,5,Sports & Outdoors
TX104475,C0970,2025-12-18 00:00:00,111.04,7,Apparel
TX104507,C0975,2025-12-18 00:00:00,348.66,8,Books
TX100290,C0070,2025-12-19 00:00:00,190.8,5,Sports & Outdoors
TX100429,C0098,2025-12-19 00:00:00,492.48,10,Beauty & Personal Care
TX100491,C0110,2025-12-19 00:00:00,125.33,6,Apparel
TX101163,C0259,2025-12-19 00:00:00,97.65,1,Beauty & Personal Care
TX102437,C0513,2025-12-19 00:00:00,50.37,2,Apparel
TX102922,C0619,2025-12-19 00:00:00,341.38,7,Sports & Outdoors
TX104400,C0956,2025-12-19 00:00:00,379.71,4,Apparel
TX100444,C0100,2025-12-20 00:00:00,287.96,4,Beauty & Personal Care
TX100884,C0196,2025-12-20 00:00:00,32.85,5,Apparel
TX101207,C0269,2025-12-20 00:00:00,425.0,8,Home & Kitchen
TX101216,C0270,2025-12-20 00:00:00,103.54,5,Books
TX101827,C0401,2025-12-20 00:00:00,104.23,7,Beauty & Personal Care
TX102712,C0579,2025-12-20 00:00:00,34.04,5,Apparel
TX103165,C0669,2025-12-20 00:00:00,127.67,3,Home & Kitchen
TX103222,C0683,2025-12-20 00:00:00,117.1,3,Apparel
TX103225,C0684,2025-12-20 00:00:00,182.97,9,Electronics
TX103296,C0698,2025-12-20 00:00:00,417.57,5,Beauty & Personal Care
TX103697,C0793,2025-12-20 00:00:00,78.94,2,Electronics
TX104239,C0916,2025-12-20 00:00:00,49.63,1,Beauty & Personal Care
TX100753,C0170,2025-12-21 00:00:00,43.26,5,Books
TX101598,C0354,2025-12-21 00:00:00,391.15,6,Beauty & Personal Care
TX101764,C0385,2025-12-21 00:00:00,405.37,8,Electronics
TX102124,C0457,2025-12-21 00:00:00,50.21,3,Apparel
TX102240,C0477,2025-12-21 00:00:00,164.36,4,Apparel
TX102410,C0509,2025-12-21 00:00:00,66.91,2,Electronics
TX104267,C0926,2025-12-21 00:00:00,59.81,4,Electronics
TX100113,C0029,2025-12-22 00:00:00,208.68,6,Apparel
TX100245,C0058,2025-12-22 00:00:00,351.08,10,Apparel
TX100806,C0178,2025-12-22 00:00:00,153.33,7,Books
TX101372,C0307,2025-12-22 00:00:00,475.61,3,Electronics
TX101591,C0354,2025-12-22 00:00:00,278.49,8,Apparel
TX102003,C0437,2025-12-22 00:00:00,202.5,10,Home & Kitchen
TX103298,C0698,2025-12-22 00:00:00,204.59,4,Apparel
TX103366,C0714,2025-12-22 00:00:00,441.82,7,Apparel
TX100935,C0208,2025-12-23 00:00:00,62.11,5,Apparel
TX101245,C0277,2025-12-23 00:00:00,348.33,10,Apparel
TX101265,C0280,2025-12-23 00:00:00,136.87,5,Beauty & Personal Care
TX102197,C0470,2025-12-23 00:00:00,425.83,4,Apparel
TX102623,C0553,2025-12-23 00:00:00,116.0,4,Sports & Outdoors
TX102689,C0575,2025-12-23 00:00:00,462.26,3,Beauty & Personal Care
TX102807,C0593,2025-12-23 00:00:00,483.93,4,Electronics
TX103530,C0753,2025-12-23 00:00:00,108.66,3,Apparel
TX103707,C0794,2025-12-23 00:00:00,283.9,9,Electronics
TX103902,C0839,2025-12-23 00:00:00,160.71,5,Beauty & Personal Care
TX104154,C0895,2025-12-23 00:00:00,486.26,6,Apparel
TX104215,C0912,2025-12-23 00:00:00,162.52,3,Sports & Outdoors
TX104385,C0952,2025-12-23 00:00:00,53.66,2,Home & Kitchen
TX104433,C0963,2025-12-23 00:00:00,93.82,5,Beauty & Personal Care
TX100181,C0047,2025-12-24 00:00:00,54.79,1,Home & Kitchen
TX100302,C0071,2025-12-24 00:00:00,104.59,7,Sports & Outdoors
TX101371,C0307,2025-12-24 00:00:00,367.67,5,Apparel
TX102166,C0466,2025-12-24 00:00:00,120.73,3,Apparel
TX102341,C0497,2025-12-24 00:00:00,357.71,4,Electronics
TX102583,C0545,2025-12-24 00:00:00,443.32,5,Books
TX102730,C0582,2025-12-24 00:00:00,210.76,4,Beauty & Personal Care
TX103362,C0714,2025-12-24 00:00:00,254.49,8,Books
TX103568,C0763,2025-12-24 00:00:00,81.13,4,Beauty & Personal Care
TX103732,C0800,2025-12-24 00:00:00,473.03,10,Apparel
TX103846,C0825,2025-12-24 00:00:00,402.62,7,Electronics
TX104134,C0894,2025-12-24 00:00:00,368.72,10,Electronics
TX100250,C0058,2025-12-25 00:00:00,204.62,8,Home & Kitchen
TX100836,C0187,2025-12-25 00:00:00,158.75,6,Electronics
TX102420,C0511,2025-12-25 00:00:00,268.98,9,Sports & Outdoors
TX102725,C0581,2025-12-25 00:00:00,203.64,7,Beauty & Personal Care
TX103800,C0816,2025-12-25 00:00:00,184.47,5,Sports & Outdoors
TX104088,C0887,2025-12-25 00:00:00,409.66,8,Books
TX100316,C0074,2025-12-26 00:00:00,463.16,10,Sports & Outdoors
TX100450,C0102,2025-12-26 00:00:00,29.26,3,Electronics
TX100649,C0145,2025-12-26 00:00:00,233.66,8,Beauty & Personal Care
TX100680,C0155,2025-12-26 00:00:00,184.44,4,Apparel
TX100687,C0155,2025-12-26 00:00:00,229.42,6,Apparel
TX100692,C0156,2025-12-26 00:00:00,114.34,3,Apparel
TX100754,C0171,2025-12-26 00:00:00,26.55,4,Books
TX100803,C0178,2025-12-26 00:00:00,453.93,5,Electronics
TX100833,C0187,2025-12-26 00:00:00,222.13,9,Home & Kitchen
TX101617,C0357,2025-12-26 00:00:00,60.29,5,Sports & Outdoors
TX101804,C0394,2025-12-26 00:00:00,333.77,8,Apparel
TX102114,C0455,2025-12-26 00:00:00,118.88,6,Beauty & Personal Care
TX102286,C0486,2025-12-26 00:00:00,90.8,5,Books
TX103255,C0689,2025-12-26 00:00:00,421.92,4,Apparel
TX103303,C0698,2025-12-26 00:00:00,200.8,6,Sports & Outdoors
TX103328,C0707,2025-12-26 00:00:00,78.26,1,Electronics
TX103907,C0841,2025-12-26 00:00:00,64.87,4,Apparel
TX104452,C0965,2025-12-26 00:00:00,46.34,3,Apparel
TX100064,C0016,2025-12-27 00:00:00,65.33,1,Electronics
TX100938,C0208,2025-12-27 00:00:00,35.55,5,Electronics
TX101317,C0291,2025-12-27 00:00:00,98.15,2,Electronics
TX101358,C0306,2025-12-27 00:00:00,109.7,8,Sports & Outdoors
TX101660,C0370,2025-12-27 00:00:00,167.85,7,Apparel
TX101915,C0419,2025-12-27 00:00:00,419.79,3,Apparel
TX102086,C0452,2025-12-27 00:00:00,197.33,5,Apparel
TX102580,C0545,2025-12-27 00:00:00,196.87,3,Electronics
TX102901,C0614,2025-12-27 00:00:00,160.69,4,Sports & Outdoors
TX102915,C0616,2025-12-27 00:00:00,45.87,1,Books
TX102929,C0619,2025-12-27 00:00:00,336.45,6,Home & Kitchen
TX103277,C0696,2025-12-27 00:00:00,319.35,5,Books
TX100037,C0010,2025-12-28 00:00:00,76.49,2,Apparel
TX100092,C0023,2025-12-28 00:00:00,185.01,5,Electronics
TX100936,C0208,2025-12-28 00:00:00,52.49,4,Apparel
TX102331,C0495,2025-12-28 00:00:00,165.45,6,Beauty & Personal Care
TX102394,C0507,2025-12-28 00:00:00,118.8,4,Electronics
TX102799,C0593,2025-12-28 00:00:00,163.18,3,Apparel
TX103162,C0669,2025-12-28 00:00:00,179.27,5,Electronics
TX103232,C0685,2025-12-28 00:00:00,93.99,4,Electronics
TX103721,C0797,2025-12-28 00:00:00,201.26,4,Sports & Outdoors
TX103993,C0867,2025-12-28 00:00:00,91.98,2,Electronics
TX101188,C0265,2025-12-29 00:00:00,95.7,1,Apparel
TX101201,C0269,2025-12-29 00:00:00,290.94,7,Apparel
TX101972,C0430,2025-12-29 00:00:00,41.35,2,Apparel
TX102377,C0503,2025-12-29 00:00:00,162.37,10,Electronics
TX103230,C0685,2025-12-29 00:00:00,87.92,5,Home & Kitchen
TX103987,C0865,2025-12-29 00:00:00,109.73,5,Books
TX104046,C0876,2025-12-29 00:00:00,101.88,9,Beauty & Personal Care
TX104631,C0996,2025-12-29 00:00:00,64.08,5,Electronics
TX100233,C0057,2025-12-30 00:00:00,240.9,3,Apparel
TX101443,C0319,2025-12-30 00:00:00,152.25,6,Apparel
TX101814,C0395,2025-12-30 00:00:00,98.63,4,Apparel
TX102546,C0536,2025-12-30 00:00:00,89.66,5,Home & Kitchen
TX103008,C0637,2025-12-30 00:00:00,71.55,1,Home & Kitchen
TX103106,C0661,2025-12-30 00:00:00,433.83,4,Electronics
TX103311,C0700,2025-12-30 00:00:00,26.67,1,Apparel
TX103557,C0758,2025-12-30 00:00:00,233.12,8,Apparel
TX103863,C0830,2025-12-30 00:00:00,71.34,2,Electronics
TX100704,C0158,2025-12-31 00:00:00,71.85,2,Apparel
TX101327,C0294,2025-12-31 00:00:00,54.97,2,Sports & Outdoors
TX101852,C0409,2025-12-31 00:00:00,110.88,7,Books
TX102158,C0464,2025-12-31 00:00:00,26.93,4,Apparel
TX102636,C0557,2025-12-31 00:00:00,31.68,4,Apparel
TX102760,C0587,2025-12-31 00:00:00,411.42,5,Apparel
TX102927,C0619,2025-12-31 00:00:00,246.33,5,Electronics
TX103561,C0759,2025-12-31 00:00:00,67.21,4,Beauty & Personal Care
TX103663,C0782,2025-12-31 00:00:00,233.68,7,Electronics
TX103827,C0822,2025-12-31 00:00:00,87.72,3,Apparel
TX104510,C0976,2025-12-31 00:00:00,101.19,7,Home & Kitchen
TX104587,C0990,2025-12-31 00:00:00,161.9,9,Beauty & Personal Care
TX100238,C0058,2026-01-01 00:00:00,320.15,10,Apparel
TX100345,C0081,2026-01-01 00:00:00,106.89,4,Apparel
TX100497,C0111,2026-01-01 00:00:00,80.57,1,Books
TX100572,C0129,2026-01-01 00:00:00,87.37,3,Books
TX100675,C0153,2026-01-01 00:00:00,103.73,3,Apparel
TX101308,C0288,2026-01-01 00:00:00,163.73,4,Home & Kitchen
TX101720,C0379,2026-01-01 00:00:00,188.86,5,Beauty & Personal Care
TX102176,C0468,2026-01-01 00:00:00,312.11,9,Beauty & Personal Care
TX102778,C0590,2026-01-01 00:00:00,219.41,6,Sports & Outdoors
TX103012,C0637,2026-01-01 00:00:00,155.58,5,Apparel
TX103977,C0860,2026-01-01 00:00:00,95.14,4,Apparel
TX104125,C0893,2026-01-01 00:00:00,174.12,9,Home & Kitchen
TX104426,C0960,2026-01-01 00:00:00,44.59,1,Home & Kitchen
TX104589,C0990,2026-01-01 00:00:00,169.03,4,Electronics
TX100105,C0026,2026-01-02 00:00:00,139.99,7,Apparel
TX101583,C0350,2026-01-02 00:00:00,68.61,4,Apparel
TX101666,C0370,2026-01-02 00:00:00,244.76,5,Home & Kitchen
TX101682,C0374,2026-01-02 00:00:00,171.28,10,Apparel
TX101987,C0434,2026-01-02 00:00:00,231.16,5,Electronics
TX102091,C0453,2026-01-02 00:00:00,295.72,9,Home & Kitchen
TX102370,C0500,2026-01-02 00:00:00,34.82,2,Electronics
TX102715,C0579,2026-01-02 00:00:00,106.63,6,Apparel
TX103156,C0667,2026-01-02 00:00:00,257.36,8,Beauty & Personal Care
TX103418,C0726,2026-01-02 00:00:00,173.84,3,Electronics
TX104115,C0892,2026-01-02 00:00:00,83.4,3,Home & Kitchen
TX100024,C0007,2026-01-03 00:00:00,117.05,8,Books
TX100495,C0111,2026-01-03 00:00:00,82.18,3,Home & Kitchen
TX100526,C0118,2026-01-03 00:00:00,84.39,5,Home & Kitchen
TX100654,C0146,2026-01-03 00:00:00,93.09,3,Books
TX100673,C0152,2026-01-03 00:00:00,77.14,3,Apparel
TX101333,C0297,2026-01-03 00:00:00,30.44,3,Beauty & Personal Care
TX102357,C0499,2026-01-03 00:00:00,186.59,6,Electronics
TX102630,C0556,2026-01-03 00:00:00,118.05,4,Apparel
TX102660,C0566,2026-01-03 00:00:00,109.14,7,Apparel
TX103282,C0696,2026-01-03 00:00:00,467.95,6,Electronics
TX103526,C0752,2026-01-03 00:00:00,77.47,1,Electronics
TX103637,C0776,2026-01-03 00:00:00,76.03,4,Sports & Outdoors
TX103995,C0868,2026-01-03 00:00:00,221.76,10,Beauty & Personal Care
TX100128,C0032,2026-01-04 00:00:00,51.33,1,Home & Kitchen
TX101233,C0275,2026-01-04 00:00:00,68.68,1,Books
TX102012,C0439,2026-01-04 00:00:00,100.62,4,Electronics
TX102246,C0478,2026-01-04 00:00:00,416.82,5,Beauty & Personal Care
TX102479,C0522,2026-01-04 00:00:00,30.26,5,Apparel
TX102639,C0559,2026-01-04 00:00:00,28.01,5,Electronics
TX103256,C0689,2026-01-04 00:00:00,192.89,7,Electronics
TX103653,C0781,2026-01-04 00:00:00,90.43,3,Apparel
TX104112,C0891,2026-01-04 00:00:00,85.87,2,Beauty & Personal Care
TX104457,C0969,2026-01-04 00:00:00,410.28,10,Beauty & Personal Care
TX101016,C0228,2026-01-05 00:00:00,77.78,3,Electronics
TX101238,C0276,2026-01-05 00:00:00,34.26,2,Apparel
TX101322,C0293,2026-01-05 00:00:00,39.36,4,Beauty & Personal Care
TX101724,C0379,2026-01-05 00:00:00,391.35,5,Books
TX102560,C0540,2026-01-05 00:00:00,92.55,2,Apparel
TX103450,C0734,2026-01-05 00:00:00,62.23,4,Electronics
TX103549,C0758,2026-01-05 00:00:00,122.68,7,Home & Kitchen
TX103860,C0828,2026-01-05 00:00:00,74.7,5,Apparel
TX100052,C0013,2026-01-06 00:00:00,19.91,3,Home & Kitchen
TX100296,C0070,2026-01-06 00:00:00,177.21,10,Books
TX100719,C0159,2026-01-06 00:00:00,233.89,5,Apparel
TX101094,C0245,2026-01-06 00:00:00,21.42,4,Sports & Outdoors
TX101291,C0285,2026-01-06 00:00:00,175.24,3,Sports & Outdoors
TX102073,C0450,2026-01-06 00:00:00,93.55,2,Apparel
TX102844,C0600,2026-01-06 00:00:00,241.05,5,Beauty & Personal Care
TX102917,C0617,2026-01-06 00:00:00,84.23,2,Apparel
TX103091,C0660,2026-01-06 00:00:00,65.04,5,Home & Kitchen
TX103304,C0698,2026-01-06 00:00:00,199.57,5,Beauty & Personal Care
TX103811,C0820,2026-01-06 00:00:00,484.74,10,Beauty & Personal Care
TX104184,C0903,2026-01-06 00:00:00,60.23,2,Beauty & Personal Care
TX104345,C0944,2026-01-06 00:00:00,86.12,2,Beauty & Personal Care
TX104556,C0985,2026-01-06 00:00:00,300.52,6,Apparel
TX104578,C0987,2026-01-06 00:00:00,94.91,2,Home & Kitchen
TX100069,C0017,2026-01-07 00:00:00,172.2,6,Home & Kitchen
TX100682,C0155,2026-01-07 00:00:00,255.95,7,Electronics
TX100698,C0157,2026-01-07 00:00:00,161.55,6,Apparel
TX101223,C0273,2026-01-07 00:00:00,44.44,4,Apparel
TX101513,C0331,2026-01-07 00:00:00,111.1,7,Apparel
TX102310,C0488,2026-01-07 00:00:00,226.54,8,Electronics
TX102837,C0599,2026-01-07 00:00:00,460.84,5,Electronics
TX103554,C0758,2026-01-07 00:00:00,60.12,1,Home & Kitchen
TX103577,C0765,2026-01-07 00:00:00,123.27,8,Electronics
TX103780,C0813,2026-01-07 00:00:00,88.87,2,Sports & Outdoors
TX104271,C0927,2026-01-07 00:00:00,66.76,2,Apparel
TX104517,C0978,2026-01-07 00:00:00,246.6,4,Apparel
TX101302,C0288,2026-01-08 00:00:00,168.14,5,Books
TX101336,C0299,2026-01-08 00:00:00,57.24,2,Electronics
TX102264,C0480,2026-01-08 00:00:00,128.31,3,Apparel
TX102381,C0503,2026-01-08 00:00:00,229.39,3,Beauty & Personal Care
TX102878,C0609,2026-01-08 00:00:00,96.83,5,Electronics
TX103745,C0801,2026-01-08 00:00:00,77.19,4,Apparel
TX103814,C0820,2026-01-08 00:00:00,381.84,3,Home & Kitchen
TX103840,C0825,2026-01-08 00:00:00,181.31,7,Electronics
TX103922,C0843,2026-01-08 00:00:00,63.63,1,Home & Kitchen
TX104397,C0956,2026-01-08 00:00:00,164.3,4,Home & Kitchen
TX100067,C0017,2026-01-09 00:00:00,215.34,4,Apparel
TX100904,C0200,2026-01-09 00:00:00,90.68,2,Apparel
TX101036,C0233,2026-01-09 00:00:00,227.42,3,Home & Kitchen
TX101044,C0234,2026-01-09 00:00:00,25.47,3,Home & Kitchen
TX101228,C0274,2026-01-09 00:00:00,118.77,3,Home & Kitchen
TX101768,C0385,2026-01-09 00:00:00,280.1,9,Beauty & Personal Care
TX102276,C0483,2026-01-09 00:00:00,109.49,6,Electronics
TX102306,C0488,2026-01-09 00:00:00,343.06,3,Sports & Outdoors
TX102910,C0615,2026-01-09 00:00:00,96.46,1,Sports & Outdoors
TX103177,C0675,2026-01-09 00:00:00,42.56,5,Electronics
TX103480,C0741,2026-01-09 00:00:00,64.22,5,Apparel
TX103962,C0856,2026-01-09 00:00:00,97.66,3,Beauty & Personal Care
TX104052,C0879,2026-01-09 00:00:00,62.84,3,Books
TX100237,C0058,2026-01-10 00:00:00,294.09,8,Home & Kitchen
TX100307,C0074,2026-01-10 00:00:00,473.48,10,Apparel
TX100766,C0172,2026-01-10 00:00:00,182.12,6,Electronics
TX100917,C0203,2026-01-10 00:00:00,62.27,4,Electronics
TX101185,C0264,2026-01-10 00:00:00,75.85,2,Home & Kitchen
TX101198,C0269,2026-01-10 00:00:00,202.72,9,Apparel
TX101220,C0272,2026-01-10 00:00:00,109.14,10,Electronics
TX101473,C0323,2026-01-10 00:00:00,162.78,9,Beauty & Personal Care
TX101531,C0336,2026-01-10 00:00:00,38.57,5,Home & Kitchen
TX101639,C0364,2026-01-10 00:00:00,65.78,2,Electronics
TX101986,C0434,2026-01-10 00:00:00,115.05,4,Beauty & Personal Care
TX102810,C0593,2026-01-10 00:00:00,317.29,6,Electronics
TX102908,C0615,2026-01-10 00:00:00,102.88,5,Beauty & Personal Care
TX103120,C0662,2026-01-10 00:00:00,486.32,5,Electronics
TX103253,C0689,2026-01-10 00:00:00,255.73,10,Electronics
TX103899,C0839,2026-01-10 00:00:00,203.39,10,Apparel
TX104105,C0887,2026-01-10 00:00:00,386.1,6,Sports & Outdoors
TX100610,C0138,2026-01-11 00:00:00,240.87,6,Beauty & Personal Care
TX101976,C0431,2026-01-11 00:00:00,114.32,3,Home & Kitchen
TX102150,C0463,2026-01-11 00:00:00,340.4,4,Home & Kitchen
TX102428,C0511,2026-01-11 00:00:00,185.15,9,Books
TX102784,C0590,2026-01-11 00:00:00,343.6,5,Electronics
TX102923,C0619,2026-01-11 00:00:00,158.97,10,Apparel
TX103389,C0720,2026-01-11 00:00:00,89.94,2,Electronics
TX104470,C0969,2026-01-11 00:00:00,266.0,8,Sports & Outdoors
TX100510,C0116,2026-01-12 00:00:00,89.32,3,Apparel
TX101381,C0309,2026-01-12 00:00:00,202.16,4,Home & Kitchen
TX101502,C0329,2026-01-12 00:00:00,50.26,1,Electronics
TX101775,C0387,2026-01-12 00:00:00,35.82,1,Apparel
TX102050,C0445,2026-01-12 00:00:00,26.69,3,Books
TX103069,C0653,2026-01-12 00:00:00,245.78,3,Books
TX103824,C0820,2026-01-12 00:00:00,418.25,4,Home & Kitchen
TX103905,C0840,2026-01-12 00:00:00,45.96,4,Home & Kitchen
TX100081,C0021,2026-01-13 00:00:00,77.03,3,Beauty & Personal Care
TX100229,C0056,2026-01-13 00:00:00,82.1,1,Electronics
TX100440,C0100,2026-01-13 00:00:00,412.48,7,Home & Kitchen
TX101101,C0246,2026-01-13 00:00:00,155.4,4,Home & Kitchen
TX101996,C0436,2026-01-13 00:00:00,87.74,2,Electronics
TX102966,C0624,2026-01-13 00:00:00,100.7,7,Apparel
TX103145,C0665,2026-01-13 00:00:00,226.87,9,Electronics
TX103312,C0700,2026-01-13 00:00:00,59.68,4,Apparel
TX103316,C0702,2026-01-13 00:00:00,38.09,1,Apparel
TX103927,C0845,2026-01-13 00:00:00,96.16,4,Beauty & Personal Care
TX104637,C0997,2026-01-13 00:00:00,107.41,5,Electronics
TX100028,C0008,2026-01-14 00:00:00,68.15,4,Beauty & Personal Care
TX100036,C0009,2026-01-14 00:00:00,194.0,8,Books
TX100341,C0080,2026-01-14 00:00:00,100.96,3,Books
TX100617,C0139,2026-01-14 00:00:00,20.52,2,Apparel
TX100846,C0191,2026-01-14 00:00:00,268.09,10,Sports & Outdoors
TX100909,C0202,2026-01-14 00:00:00,91.37,1,Electronics
TX101939,C0423,2026-01-14 00:00:00,149.1,4,Electronics
TX101940,C0423,2026-01-14 00:00:00,218.29,5,Electronics
TX102092,C0453,2026-01-14 00:00:00,438.0,6,Apparel
TX102138,C0461,2026-01-14 00:00:00,173.63,10,Beauty & Personal Care
TX102172,C0467,2026-01-14 00:00:00,65.47,3,Electronics
TX102392,C0506,2026-01-14 00:00:00,87.18,4,Electronics
TX102505,C0526,2026-01-14 00:00:00,80.63,1,Electronics
TX103179,C0675,2026-01-14 00:00:00,26.75,5,Books
TX103325,C0705,2026-01-14 00:00:00,100.49,3,Apparel
TX103502,C0747,2026-01-14 00:00:00,205.79,3,Electronics
TX103853,C0827,2026-01-14 00:00:00,30.58,1,Home & Kitchen
TX100295,C0070,2026-01-15 00:00:00,493.39,9,Home & Kitchen
TX100670,C0152,2026-01-15 00:00:00,83.81,5,Home & Kitchen
TX100791,C0176,2026-01-15 00:00:00,71.85,2,Beauty & Personal Care
TX100963,C0215,2026-01-15 00:00:00,92.54,2,Apparel
TX101107,C0247,2026-01-15 00:00:00,181.37,3,Home & Kitchen
TX101332,C0297,2026-01-15 00:00:00,109.3,8,Home & Kitchen
TX102270,C0481,2026-01-15 00:00:00,77.55,5,Electronics
TX102361,C0499,2026-01-15 00:00:00,190.67,6,Books
TX102416,C0510,2026-01-15 00:00:00,31.98,1,Books
TX102930,C0619,2026-01-15 00:00:00,198.11,7,Apparel
TX103125,C0663,2026-01-15 00:00:00,147.91,9,Electronics
TX103499,C0746,2026-01-15 00:00:00,111.33,6,Apparel
TX104150,C0895,2026-01-15 00:00:00,455.8,7,Beauty & Personal Care
TX104290,C0932,2026-01-15 00:00:00,280.99,10,Electronics
TX104293,C0932,2026-01-15 00:00:00,432.0,4,Home & Kitchen
TX100199,C0051,2026-01-16 00:00:00,147.13,5,Books
TX100311,C0074,2026-01-16 00:00:00,331.9,10,Books
TX101762,C0385,2026-01-16 00:00:00,230.28,4,Home & Kitchen
TX102119,C0455,2026-01-16 00:00:00,228.04,3,Home & Kitchen
TX102481,C0522,2026-01-16 00:00:00,23.66,1,Beauty & Personal Care
TX102802,C0593,2026-01-16 00:00:00,392.66,8,Home & Kitchen
TX103100,C0661,2026-01-16 00:00:00,394.69,6,Beauty & Personal Care
TX103124,C0663,2026-01-16 00:00:00,229.0,4,Sports & Outdoors
TX103363,C0714,2026-01-16 00:00:00,410.87,7,Books
TX103392,C0721,2026-01-16 00:00:00,86.33,5,Apparel
TX104240,C0917,2026-01-16 00:00:00,27.99,1,Apparel
TX100142,C0037,2026-01-17 00:00:00,81.4,1,Beauty & Personal Care
TX100222,C0055,2026-01-17 00:00:00,278.25,4,Home & Kitchen
TX100677,C0153,2026-01-17 00:00:00,212.86,8,Apparel
TX101011,C0227,2026-01-17 00:00:00,82.48,3,Apparel
TX101276,C0283,2026-01-17 00:00:00,112.61,5,Apparel
TX101619,C0358,2026-01-17 00:00:00,56.92,3,Books
TX102354,C0498,2026-01-17 00:00:00,86.5,4,Beauty & Personal Care
TX102658,C0566,2026-01-17 00:00:00,66.77,5,Home & Kitchen
TX102843,C0600,2026-01-17 00:00:00,160.9,4,Apparel
TX103135,C0664,2026-01-17 00:00:00,467.28,8,Sports & Outdoors
TX103400,C0724,2026-01-17 00:00:00,114.72,5,Electronics
TX103882,C0832,2026-01-17 00:00:00,399.52,6,Electronics
TX104600,C0991,2026-01-17 00:00:00,147.43,9,Apparel
TX100085,C0022,2026-01-18 00:00:00,90.34,3,Electronics
TX100339,C0080,2026-01-18 00:00:00,96.65,3,Apparel
TX101501,C0328,2026-01-18 00:00:00,45.82,4,Apparel
TX102954,C0622,2026-01-18 00:00:00,135.21,10,Apparel
TX103279,C0696,2026-01-18 00:00:00,191.97,3,Home & Kitchen
TX103337,C0709,2026-01-18 00:00:00,43.72,2,Sports & Outdoors
TX103642,C0778,2026-01-18 00:00:00,32.19,2,Books
TX103746,C0801,2026-01-18 00:00:00,28.58,3,Electronics
TX104091,C0887,2026-01-18 00:00:00,393.06,3,Apparel
TX100215,C0055,2026-01-19 00:00:00,369.38,3,Beauty & Personal Care
TX100247,C0058,2026-01-19 00:00:00,201.78,10,Apparel
TX101952,C0426,2026-01-19 00:00:00,21.75,2,Books
TX102549,C0537,2026-01-19 00:00:00,129.97,9,Electronics
TX102696,C0575,2026-01-19 00:00:00,232.35,9,Apparel
TX102846,C0600,2026-01-19 00:00:00,66.15,1,Electronics
TX103490,C0745,2026-01-19 00:00:00,67.11,5,Apparel
TX103558,C0758,2026-01-19 00:00:00,166.01,6,Beauty & Personal Care
TX100227,C0055,2026-01-20 00:00:00,270.83,10,Apparel
TX100981,C0220,2026-01-20 00:00:00,60.83,5,Apparel
TX101111,C0247,2026-01-20 00:00:00,218.45,10,Sports & Outdoors
TX101139,C0250,2026-01-20 00:00:00,497.81,10,Sports & Outdoors
TX101301,C0287,2026-01-20 00:00:00,100.16,10,Apparel
TX101979,C0431,2026-01-20 00:00:00,35.07,3,Apparel
TX103161,C0669,2026-01-20 00:00:00,147.28,7,Electronics
TX103439,C0733,2026-01-20 00:00:00,78.78,5,Home & Kitchen
TX103576,C0765,2026-01-20 00:00:00,61.16,1,Sports & Outdoors
TX103844,C0825,2026-01-20 00:00:00,459.62,9,Beauty & Personal Care
TX103869,C0831,2026-01-20 00:00:00,192.43,5,Electronics
TX103909,C0841,2026-01-20 00:00:00,67.82,1,Beauty & Personal Care
TX104198,C0907,2026-01-20 00:00:00,69.62,3,Apparel
TX104577,C0986,2026-01-20 00:00:00,238.64,7,Apparel
TX100294,C0070,2026-01-21 00:00:00,390.82,7,Electronics
TX100301,C0071,2026-01-21 00:00:00,38.48,3,Electronics
TX101580,C0350,2026-01-21 00:00:00,54.63,1,Home & Kitchen
TX101983,C0433,2026-01-21 00:00:00,113.16,8,Electronics
TX102058,C0447,2026-01-21 00:00:00,83.39,4,Books
TX102836,C0599,2026-01-21 00:00:00,224.2,3,Apparel
TX100031,C0009,2026-01-22 00:00:00,165.48,3,Electronics
TX100228,C0056,2026-01-22 00:00:00,90.98,5,Beauty & Personal Care
TX100286,C0070,2026-01-22 00:00:00,154.51,7,Apparel
TX100506,C0113,2026-01-22 00:00:00,99.9,1,Sports & Outdoors
TX100705,C0158,2026-01-22 00:00:00,59.11,1,Electronics
TX101366,C0307,2026-01-22 00:00:00,188.21,10,Electronics
TX101427,C0317,2026-01-22 00:00:00,319.58,5,Books
TX102226,C0476,2026-01-22 00:00:00,96.83,2,Beauty & Personal Care
TX102472,C0520,2026-01-22 00:00:00,95.6,3,Books
TX103027,C0640,2026-01-22 00:00:00,68.12,2,Beauty & Personal Care
TX103060,C0652,2026-01-22 00:00:00,73.43,5,Home & Kitchen
TX103816,C0820,2026-01-22 00:00:00,432.2,7,Apparel
TX104179,C0902,2026-01-22 00:00:00,82.11,2,Electronics
TX100374,C0092,2026-01-23 00:00:00,105.96,4,Apparel
TX100816,C0181,2026-01-23 00:00:00,21.66,3,Beauty & Personal Care
TX101365,C0307,2026-01-23 00:00:00,339.15,3,Home & Kitchen
TX101629,C0360,2026-01-23 00:00:00,70.23,5,Apparel
TX101900,C0418,2026-01-23 00:00:00,65.76,1,Sports & Outdoors
TX101927,C0422,2026-01-23 00:00:00,173.76,7,Beauty & Personal Care
TX102088,C0452,2026-01-23 00:00:00,238.62,6,Electronics
TX102163,C0465,2026-01-23 00:00:00,125.2,8,Electronics
TX102514,C0529,2026-01-23 00:00:00,33.97,2,Home & Kitchen
TX102872,C0607,2026-01-23 00:00:00,103.07,10,Electronics
TX103178,C0675,2026-01-23 00:00:00,63.14,2,Electronics
TX103295,C0698,2026-01-23 00:00:00,286.18,10,Books
TX103441,C0733,2026-01-23 00:00:00,69.4,2,Electronics
TX103820,C0820,2026-01-23 00:00:00,202.79,8,Books
TX104286,C0931,2026-01-23 00:00:00,59.79,3,Beauty & Personal Care
TX101210,C0269,2026-01-24 00:00:00,209.58,4,Electronics
TX101428,C0318,2026-01-24 00:00:00,219.5,4,Sports & Outdoors
TX102346,C0497,2026-01-24 00:00:00,383.12,4,Electronics
TX103150,C0666,2026-01-24 00:00:00,13.2,4,Electronics
TX103173,C0671,2026-01-24 00:00:00,61.91,2,Books
TX103740,C0800,2026-01-24 00:00:00,406.38,9,Apparel
TX104389,C0954,2026-01-24 00:00:00,118.79,3,Home & Kitchen
TX104591,C0990,2026-01-24 00:00:00,208.77,10,Apparel
TX104604,C0992,2026-01-24 00:00:00,97.61,2,Home & Kitchen
TX100126,C0031,2026-01-25 00:00:00,55.8,4,Apparel
TX100415,C0098,2026-01-25 00:00:00,296.42,9,Books
TX100476,C0108,2026-01-25 00:00:00,32.51,1,Electronics
TX100578,C0132,2026-01-25 00:00:00,202.95,9,Sports & Outdoors
TX101047,C0236,2026-01-25 00:00:00,80.23,2,Home & Kitchen
TX101743,C0383,2026-01-25 00:00:00,161.15,6,Books
TX103006,C0636,2026-01-25 00:00:00,106.76,9,Home & Kitchen
TX103119,C0662,2026-01-25 00:00:00,276.04,8,Apparel
TX104266,C0925,2026-01-25 00:00:00,72.94,3,Beauty & Personal Care
TX104365,C0949,2026-01-25 00:00:00,228.81,8,Electronics
TX104560,C0985,2026-01-25 00:00:00,372.94,8,Electronics
TX104580,C0987,2026-01-25 00:00:00,34.71,5,Apparel
TX100795,C0177,2026-01-26 00:00:00,214.7,7,Books
TX100832,C0187,2026-01-26 00:00:00,201.48,4,Home & Kitchen
TX100878,C0195,2026-01-26 00:00:00,50.06,5,Beauty & Personal Care
TX101330,C0295,2026-01-26 00:00:00,109.76,6,Apparel
TX101380,C0309,2026-01-26 00:00:00,106.18,8,Electronics
TX101396,C0313,2026-01-26 00:00:00,93.87,3,Sports & Outdoors
TX101504,C0329,2026-01-26 00:00:00,51.18,5,Apparel
TX101761,C0385,2026-01-26 00:00:00,442.79,9,Sports & Outdoors
TX102122,C0457,2026-01-26 00:00:00,117.09,8,Electronics
TX102548,C0537,2026-01-26 00:00:00,63.93,4,Books
TX102602,C0549,2026-01-26 00:00:00,254.45,10,Beauty & Personal Care
TX102741,C0585,2026-01-26 00:00:00,232.25,8,Apparel
TX103033,C0641,2026-01-26 00:00:00,35.09,1,Sports & Outdoors
TX103056,C0650,2026-01-26 00:00:00,100.78,8,Electronics
TX103071,C0654,2026-01-26 00:00:00,71.05,1,Apparel
TX103525,C0752,2026-01-26 00:00:00,73.39,2,Home & Kitchen
TX103574,C0765,2026-01-26 00:00:00,130.75,6,Home & Kitchen
TX103980,C0861,2026-01-26 00:00:00,29.45,1,Beauty & Personal Care
TX104136,C0895,2026-01-26 00:00:00,248.21,6,Apparel
TX104282,C0930,2026-01-26 00:00:00,116.86,8,Electronics
TX100817,C0181,2026-01-27 00:00:00,87.79,2,Home & Kitchen
TX101022,C0229,2026-01-27 00:00:00,193.59,6,Apparel
TX101441,C0319,2026-01-27 00:00:00,109.7,8,Apparel
TX101479,C0324,2026-01-27 00:00:00,23.91,4,Apparel
TX101494,C0326,2026-01-27 00:00:00,93.07,3,Electronics
TX102724,C0581,2026-01-27 00:00:00,240.42,8,Electronics
TX102740,C0585,2026-01-27 00:00:00,415.22,3,Apparel
TX103203,C0679,2026-01-27 00:00:00,89.55,1,Electronics
TX103567,C0763,2026-01-27 00:00:00,34.18,2,Electronics
TX103575,C0765,2026-01-27 00:00:00,92.44,2,Apparel
TX104493,C0974,2026-01-27 00:00:00,115.25,3,Electronics
TX100163,C0044,2026-01-28 00:00:00,184.23,10,Beauty & Personal Care
TX100288,C0070,2026-01-28 00:00:00,326.18,6,Books
TX100556,C0126,2026-01-28 00:00:00,150.29,5,Books
TX101005,C0226,2026-01-28 00:00:00,34.74,3,Electronics
TX103288,C0696,2026-01-28 00:00:00,468.34,5,Electronics
TX104596,C0991,2026-01-28 00:00:00,179.82,7,Electronics
TX100015,C0004,2026-01-29 00:00:00,349.98,4,Apparel
TX100412,C0098,2026-01-29 00:00:00,216.69,7,Apparel
TX100595,C0136,2026-01-29 00:00:00,54.16,4,Sports & Outdoors
TX101203,C0269,2026-01-29 00:00:00,485.64,6,Electronics
TX101982,C0432,2026-01-29 00:00:00,112.02,3,Apparel
TX102281,C0484,2026-01-29 00:00:00,222.53,7,Apparel
TX102543,C0535,2026-01-29 00:00:00,154.7,6,Apparel
TX102547,C0537,2026-01-29 00:00:00,159.13,7,Apparel
TX102805,C0593,2026-01-29 00:00:00,472.89,4,Beauty & Personal Care
TX103536,C0754,2026-01-29 00:00:00,241.19,6,Beauty & Personal Care
TX104337,C0944,2026-01-29 00:00:00,87.16,4,Books
TX104541,C0982,2026-01-29 00:00:00,27.54,3,Books
TX101289,C0285,2026-01-30 00:00:00,235.25,3,Home & Kitchen
TX101640,C0364,2026-01-30 00:00:00,52.27,3,Electronics
TX101679,C0373,2026-01-30 00:00:00,37.74,5,Apparel
TX101910,C0419,2026-01-30 00:00:00,469.15,9,Books
TX102742,C0585,2026-01-30 00:00:00,477.31,9,Apparel
TX102849,C0600,2026-01-30 00:00:00,178.35,8,Apparel
TX102870,C0607,2026-01-30 00:00:00,103.83,9,Apparel
TX103281,C0696,2026-01-30 00:00:00,417.07,4,Apparel
TX103297,C0698,2026-01-30 00:00:00,283.4,4,Electronics
TX103648,C0780,2026-01-30 00:00:00,26.1,2,Apparel
TX103865,C0831,2026-01-30 00:00:00,174.47,9,Home & Kitchen
TX104314,C0938,2026-01-30 00:00:00,38.43,4,Sports & Outdoors
TX104358,C0948,2026-01-30 00:00:00,222.7,10,Electronics
TX104439,C0964,2026-01-30 00:00:00,309.14,5,Electronics
TX100488,C0110,2026-01-31 00:00:00,72.07,4,Beauty & Personal Care
TX100655,C0146,2026-01-31 00:00:00,221.03,6,Electronics
TX100711,C0159,2026-01-31 00:00:00,306.01,9,Home & Kitchen
TX101611,C0356,2026-01-31 00:00:00,29.71,2,Electronics
TX101719,C0379,2026-01-31 00:00:00,246.62,8,Apparel
TX101788,C0391,2026-01-31 00:00:00,180.06,6,Sports & Outdoors
TX101914,C0419,2026-01-31 00:00:00,346.44,9,Apparel
TX101950,C0426,2026-01-31 00:00:00,36.11,5,Sports & Outdoors
TX102147,C0463,2026-01-31 00:00:00,371.44,5,Beauty & Personal Care
TX102417,C0511,2026-01-31 00:00:00,236.11,9,Apparel
TX103196,C0678,2026-01-31 00:00:00,495.59,6,Books
TX103229,C0684,2026-01-31 00:00:00,238.76,8,Apparel
TX103331,C0707,2026-01-31 00:00:00,182.98,9,Electronics
TX103779,C0813,2026-01-31 00:00:00,46.7,1,Beauty & Personal Care
TX103786,C0815,2026-01-31 00:00:00,270.55,10,Electronics
TX100511,C0116,2026-02-01 00:00:00,83.37,2,Apparel
TX100531,C0119,2026-02-01 00:00:00,159.05,5,Electronics
TX100684,C0155,2026-02-01 00:00:00,248.65,8,Books
TX101021,C0229,2026-02-01 00:00:00,133.08,9,Apparel
TX101246,C0277,2026-02-01 00:00:00,423.84,9,Electronics
TX101521,C0333,2026-02-01 00:00:00,25.6,1,Apparel
TX101582,C0350,2026-02-01 00:00:00,77.47,4,Home & Kitchen
TX102101,C0453,2026-02-01 00:00:00,322.01,8,Books
TX102456,C0517,2026-02-01 00:00:00,26.14,1,Books
TX102795,C0592,2026-02-01 00:00:00,86.27,5,Sports & Outdoors
TX103612,C0771,2026-02-01 00:00:00,70.01,5,Home & Kitchen
TX100269,C0064,2026-02-02 00:00:00,194.95,5,Electronics
TX100466,C0107,2026-02-02 00:00:00,81.65,4,Electronics
TX100472,C0107,2026-02-02 00:00:00,61.11,1,Electronics
TX100925,C0206,2026-02-02 00:00:00,79.25,4,Electronics
TX101297,C0286,2026-02-02 00:00:00,12.33,2,Beauty & Personal Care
TX101548,C0341,2026-02-02 00:00:00,57.23,4,Home & Kitchen
TX101618,C0358,2026-02-02 00:00:00,118.49,4,Electronics
TX101757,C0385,2026-02-02 00:00:00,295.29,6,Sports & Outdoors
TX101921,C0420,2026-02-02 00:00:00,115.0,6,Books
TX102061,C0448,2026-02-02 00:00:00,244.52,6,Books
TX100027,C0007,2026-02-03 00:00:00,235.23,10,Beauty & Personal Care
TX100144,C0037,2026-02-03 00:00:00,97.72,1,Beauty & Personal Care
TX102793,C0592,2026-02-03 00:00:00,106.83,10,Books
TX103167,C0670,2026-02-03 00:00:00,28.84,4,Apparel
TX103644,C0779,2026-02-03 00:00:00,118.48,7,Electronics
TX100410,C0097,2026-02-04 00:00:00,62.68,5,Apparel
TX100609,C0138,2026-02-04 00:00:00,172.88,5,Books
TX100722,C0162,2026-02-04 00:00:00,96.65,3,Apparel
TX100801,C0178,2026-02-04 00:00:00,220.33,5,Beauty & Personal Care
TX101319,C0291,2026-02-04 00:00:00,88.19,1,Home & Kitchen
TX101351,C0303,2026-02-04 00:00:00,206.55,7,Apparel
TX101405,C0315,2026-02-04 00:00:00,214.66,6,Apparel
TX101839,C0404,2026-02-04 00:00:00,41.6,2,Electronics
TX101849,C0407,2026-02-04 00:00:00,83.95,4,Electronics
TX101937,C0423,2026-02-04 00:00:00,135.03,6,Sports & Outdoors
TX102311,C0489,2026-02-04 00:00:00,65.9,4,Apparel
TX102787,C0591,2026-02-04 00:00:00,152.93,10,Books
TX103280,C0696,2026-02-04 00:00:00,488.68,4,Books
TX104170,C0899,2026-02-04 00:00:00,60.25,1,Electronics
TX104181,C0903,2026-02-04 00:00:00,62.81,1,Home & Kitchen
TX100013,C0004,2026-02-05 00:00:00,192.71,7,Apparel
TX100103,C0025,2026-02-05 00:00:00,81.3,3,Apparel
TX100261,C0063,2026-02-05 00:00:00,50.81,4,Beauty & Personal Care
TX100456,C0104,2026-02-05 00:00:00,166.98,9,Electronics
TX100596,C0136,2026-02-05 00:00:00,21.59,2,Home & Kitchen
TX100912,C0202,2026-02-05 00:00:00,151.13,4,Apparel
TX101076,C0240,2026-02-05 00:00:00,102.38,10,Home & Kitchen
TX101324,C0293,2026-02-05 00:00:00,94.75,5,Home & Kitchen
TX101374,C0307,2026-02-05 00:00:00,440.75,3,Home & Kitchen
TX101633,C0362,2026-02-05 00:00:00,78.02,4,Sports & Outdoors
TX101859,C0411,2026-02-05 00:00:00,44.54,2,Apparel
TX101888,C0416,2026-02-05 00:00:00,37.74,4,Beauty & Personal Care
TX101958,C0428,2026-02-05 00:00:00,145.44,6,Home & Kitchen
TX102081,C0451,2026-02-05 00:00:00,241.66,4,Electronics
TX102480,C0522,2026-02-05 00:00:00,42.07,2,Electronics
TX102834,C0599,2026-02-05 00:00:00,298.35,8,Apparel
TX102953,C0622,2026-02-05 00:00:00,186.0,6,Home & Kitchen
TX103543,C0756,2026-02-05 00:00:00,103.57,3,Electronics
TX104059,C0881,2026-02-05 00:00:00,25.9,3,Home & Kitchen
TX104339,C0944,2026-02-05 00:00:00,245.32,7,Beauty & Personal Care
TX104531,C0979,2026-02-05 00:00:00,50.12,3,Books
TX100363,C0089,2026-02-06 00:00:00,113.46,3,Apparel
TX100730,C0164,2026-02-06 00:00:00,30.05,3,Electronics
TX101227,C0274,2026-02-06 00:00:00,134.29,9,Sports & Outdoors
TX101337,C0299,2026-02-06 00:00:00,89.83,4,Sports & Outdoors
TX101962,C0428,2026-02-06 00:00:00,249.84,5,Apparel
TX102233,C0477,2026-02-06 00:00:00,239.15,4,Apparel
TX102326,C0494,2026-02-06 00:00:00,46.87,5,Apparel
TX103002,C0634,2026-02-06 00:00:00,35.42,4,Apparel
TX104040,C0875,2026-02-06 00:00:00,487.75,7,Electronics
TX100032,C0009,2026-02-07 00:00:00,211.91,8,Electronics
TX100143,C0037,2026-02-07 00:00:00,30.33,1,Electronics
TX100210,C0055,2026-02-07 00:00:00,482.48,5,Apparel
TX100304,C0073,2026-02-07 00:00:00,77.02,1,Beauty & Personal Care
TX100802,C0178,2026-02-07 00:00:00,240.77,9,Apparel
TX101037,C0233,2026-02-07 00:00:00,155.63,3,Apparel
TX101156,C0257,2026-02-07 00:00:00,65.36,3,Electronics
TX101341,C0301,2026-02-07 00:00:00,42.44,4,Electronics
TX101395,C0312,2026-02-07 00:00:00,79.15,5,Electronics
TX101612,C0356,2026-02-07 00:00:00,42.11,5,Apparel
TX101860,C0412,2026-02-07 00:00:00,10.87,2,Sports & Outdoors
TX102082,C0451,2026-02-07 00:00:00,164.99,8,Electronics
TX102355,C0498,2026-02-07 00:00:00,115.17,7,Apparel
TX104459,C0969,2026-02-07 00:00:00,231.24,7,Beauty & Personal Care
TX100110,C0028,2026-02-08 00:00:00,19.28,3,Apparel
TX100900,C0200,2026-02-08 00:00:00,79.23,3,Electronics
TX101050,C0236,2026-02-08 00:00:00,167.31,10,Electronics
TX101615,C0357,2026-02-08 00:00:00,51.96,4,Electronics
TX102049,C0445,2026-02-08 00:00:00,68.73,1,Apparel
TX102435,C0512,2026-02-08 00:00:00,41.84,2,Electronics
TX103461,C0738,2026-02-08 00:00:00,31.7,3,Sports & Outdoors
TX104063,C0882,2026-02-08 00:00:00,67.7,1,Apparel
TX104195,C0906,2026-02-08 00:00:00,116.6,5,Home & Kitchen
TX100852,C0191,2026-02-09 00:00:00,393.58,7,Beauty & Personal Care
TX100896,C0199,2026-02-09 00:00:00,171.88,10,Electronics
TX100915,C0203,2026-02-09 00:00:00,87.45,5,Beauty & Personal Care
TX101331,C0296,2026-02-09 00:00:00,64.61,3,Beauty & Personal Care
TX101500,C0327,2026-02-09 00:00:00,67.55,1,Apparel
TX101726,C0379,2026-02-09 00:00:00,466.79,10,Books
TX102450,C0516,2026-02-09 00:00:00,200.53,4,Beauty & Personal Care
TX102681,C0573,2026-02-09 00:00:00,52.79,2,Electronics
TX103662,C0782,2026-02-09 00:00:00,249.39,9,Apparel
TX103801,C0817,2026-02-09 00:00:00,69.65,3,Apparel
TX104081,C0886,2026-02-09 00:00:00,94.78,2,Apparel
TX104086,C0887,2026-02-09 00:00:00,350.42,6,Apparel
TX100383,C0094,2026-02-10 00:00:00,394.87,4,Apparel
TX100402,C0097,2026-02-10 00:00:00,220.92,9,Books
TX100916,C0203,2026-02-10 00:00:00,27.51,2,Apparel
TX100954,C0213,2026-02-10 00:00:00,69.9,3,Electronics
TX101524,C0334,2026-02-10 00:00:00,110.57,8,Apparel
TX101728,C0379,2026-02-10 00:00:00,266.55,7,Apparel
TX102110,C0455,2026-02-10 00:00:00,98.03,5,Books
TX102165,C0466,2026-02-10 00:00:00,67.96,4,Sports & Outdoors
TX102378,C0503,2026-02-10 00:00:00,63.4,5,Home & Kitchen
TX102626,C0554,2026-02-10 00:00:00,63.41,3,Electronics
TX102811,C0594,2026-02-10 00:00:00,77.65,4,Electronics
TX102952,C0622,2026-02-10 00:00:00,131.54,7,Apparel
TX103032,C0641,2026-02-10 00:00:00,72.15,2,Home & Kitchen
TX103052,C0649,2026-02-10 00:00:00,21.95,1,Apparel
TX103108,C0661,2026-02-10 00:00:00,421.14,9,Electronics
TX103263,C0690,2026-02-10 00:00:00,102.2,5,Electronics
TX104146,C0895,2026-02-10 00:00:00,234.8,8,Electronics
TX104159,C0896,2026-02-10 00:00:00,38.45,4,Home & Kitchen
TX100041,C0010,2026-02-11 00:00:00,89.27,3,Sports & Outdoors
TX100172,C0045,2026-02-11 00:00:00,95.76,2,Home & Kitchen
TX100421,C0098,2026-02-11 00:00:00,175.57,3,Electronics
TX100653,C0146,2026-02-11 00:00:00,68.34,1,Electronics
TX100918,C0204,2026-02-11 00:00:00,111.4,6,Beauty & Personal Care
TX102245,C0478,2026-02-11 00:00:00,444.27,5,Electronics
TX103794,C0815,2026-02-11 00:00:00,332.83,10,Electronics
TX104405,C0956,2026-02-11 00:00:00,208.91,9,Electronics
TX100009,C0004,2026-02-12 00:00:00,385.23,5,Sports & Outdoors
TX100426,C0098,2026-02-12 00:00:00,209.45,10,Sports & Outdoors
TX100661,C0148,2026-02-12 00:00:00,99.49,2,Apparel
TX100839,C0189,2026-02-12 00:00:00,94.71,1,Home & Kitchen
TX101547,C0340,2026-02-12 00:00:00,71.7,2,Apparel
TX101795,C0392,2026-02-12 00:00:00,45.53,4,Books
TX102649,C0562,2026-02-12 00:00:00,89.93,5,Electronics
TX102652,C0563,2026-02-12 00:00:00,65.39,1,Sports & Outdoors
TX102709,C0578,2026-02-12 00:00:00,187.87,5,Apparel
TX103432,C0729,2026-02-12 00:00:00,95.65,5,Books
TX104039,C0875,2026-02-12 00:00:00,154.35,7,Apparel
TX104232,C0914,2026-02-12 00:00:00,79.05,3,Apparel
TX100006,C0002,2026-02-13 00:00:00,24.89,2,Electronics
TX100282,C0068,2026-02-13 00:00:00,72.96,1,Apparel
TX100567,C0128,2026-02-13 00:00:00,106.6,10,Electronics
TX100585,C0133,2026-02-13 00:00:00,74.04,2,Books
TX100765,C0172,2026-02-13 00:00:00,168.24,5,Sports & Outdoors
TX100886,C0197,2026-02-13 00:00:00,239.5,9,Sports & Outdoors
TX101075,C0240,2026-02-13 00:00:00,115.23,5,Home & Kitchen
TX101152,C0255,2026-02-13 00:00:00,39.97,3,Apparel
TX102024,C0442,2026-02-13 00:00:00,177.85,6,Apparel
TX103019,C0638,2026-02-13 00:00:00,41.03,5,Beauty & Personal Care
TX103664,C0783,2026-02-13 00:00:00,100.72,7,Electronics
TX103673,C0785,2026-02-13 00:00:00,87.64,4,Electronics
TX100161,C0044,2026-02-14 00:00:00,147.09,5,Books
TX100525,C0118,2026-02-14 00:00:00,81.04,2,Books
TX101058,C0237,2026-02-14 00:00:00,115.28,6,Beauty & Personal Care
TX101105,C0247,2026-02-14 00:00:00,339.97,9,Apparel
TX101621,C0358,2026-02-14 00:00:00,36.67,3,Home & Kitchen
TX102047,C0444,2026-02-14 00:00:00,50.35,5,Apparel
TX102364,C0499,2026-02-14 00:00:00,96.38,1,Electronics
TX102745,C0585,2026-02-14 00:00:00,198.38,8,Apparel
TX102753,C0587,2026-02-14 00:00:00,195.89,4,Books
TX103361,C0714,2026-02-14 00:00:00,472.91,9,Home & Kitchen
TX104360,C0948,2026-02-14 00:00:00,169.05,5,Apparel
TX104627,C0994,2026-02-14 00:00:00,119.64,7,Beauty & Personal Care
TX100022,C0007,2026-02-15 00:00:00,166.48,6,Electronics
TX100320,C0074,2026-02-15 00:00:00,172.65,6,Apparel
TX100543,C0124,2026-02-15 00:00:00,78.43,4,Sports & Outdoors
TX100625,C0142,2026-02-15 00:00:00,74.17,4,Apparel
TX100693,C0156,2026-02-15 00:00:00,53.98,4,Apparel
TX100780,C0174,2026-02-15 00:00:00,58.4,3,Home & Kitchen
TX100995,C0223,2026-02-15 00:00:00,174.63,9,Apparel
TX101150,C0255,2026-02-15 00:00:00,108.29,9,Home & Kitchen
TX101237,C0276,2026-02-15 00:00:00,107.87,5,Sports & Outdoors
TX101503,C0329,2026-02-15 00:00:00,57.73,4,Books
TX101663,C0370,2026-02-15 00:00:00,180.98,3,Beauty & Personal Care
TX102616,C0550,2026-02-15 00:00:00,116.06,3,Apparel
TX102833,C0599,2026-02-15 00:00:00,489.11,4,Electronics
TX103675,C0786,2026-02-15 00:00:00,61.18,1,Apparel
TX103845,C0825,2026-02-15 00:00:00,416.2,8,Home & Kitchen
TX103991,C0866,2026-02-15 00:00:00,90.52,1,Apparel
TX100768,C0172,2026-02-16 00:00:00,235.72,5,Home & Kitchen
TX101091,C0244,2026-02-16 00:00:00,116.56,9,Apparel
TX101646,C0367,2026-02-16 00:00:00,241.94,4,Books
TX102489,C0524,2026-02-16 00:00:00,89.64,3,Books
TX103544,C0756,2026-02-16 00:00:00,116.12,3,Apparel
TX103680,C0788,2026-02-16 00:00:00,73.76,4,Electronics
TX104175,C0901,2026-02-16 00:00:00,158.15,10,Apparel
TX104474,C0970,2026-02-16 00:00:00,63.29,4,Electronics
TX100492,C0110,2026-02-17 00:00:00,232.72,8,Sports & Outdoors
TX100560,C0127,2026-02-17 00:00:00,47.87,4,Books
TX100966,C0215,2026-02-17 00:00:00,64.85,1,Beauty & Personal Care
TX100970,C0216,2026-02-17 00:00:00,154.05,4,Electronics
TX101191,C0266,2026-02-17 00:00:00,41.88,3,Apparel
TX101518,C0332,2026-02-17 00:00:00,94.99,5,Beauty & Personal Care
TX101990,C0434,2026-02-17 00:00:00,245.46,5,Beauty & Personal Care
TX102148,C0463,2026-02-17 00:00:00,198.83,6,Beauty & Personal Care
TX102366,C0499,2026-02-17 00:00:00,208.91,8,Apparel
TX102430,C0511,2026-02-17 00:00:00,244.17,3,Electronics
TX103236,C0687,2026-02-17 00:00:00,117.41,5,Beauty & Personal Care
TX103507,C0748,2026-02-17 00:00:00,41.45,4,Apparel
TX103895,C0838,2026-02-17 00:00:00,63.09,3,Books
TX103918,C0842,2026-02-17 00:00:00,173.27,10,Apparel
TX103924,C0844,2026-02-17 00:00:00,67.69,4,Books
TX104147,C0895,2026-02-17 00:00:00,164.71,8,Electronics
TX104329,C0941,2026-02-17 00:00:00,114.59,4,Apparel
TX104467,C0969,2026-02-17 00:00:00,360.5,5,Home & Kitchen
TX100621,C0140,2026-02-18 00:00:00,100.81,8,Beauty & Personal Care
TX100678,C0154,2026-02-18 00:00:00,40.92,3,Home & Kitchen
TX100756,C0172,2026-02-18 00:00:00,203.08,6,Home & Kitchen
TX100770,C0172,2026-02-18 00:00:00,245.15,10,Electronics
TX100788,C0176,2026-02-18 00:00:00,45.43,5,Home & Kitchen
TX100879,C0195,2026-02-18 00:00:00,85.92,4,Electronics
TX102332,C0495,2026-02-18 00:00:00,148.23,5,Sports & Outdoors
TX103110,C0661,2026-02-18 00:00:00,303.25,6,Apparel
TX103339,C0709,2026-02-18 00:00:00,52.88,2,Electronics
TX103926,C0845,2026-02-18 00:00:00,37.54,2,Apparel
TX104634,C0997,2026-02-18 00:00:00,165.28,4,Electronics
TX100499,C0112,2026-02-19 00:00:00,55.88,3,Apparel
TX100552,C0126,2026-02-19 00:00:00,69.24,3,Beauty & Personal Care
TX100594,C0136,2026-02-19 00:00:00,83.52,4,Apparel
TX100988,C0222,2026-02-19 00:00:00,92.98,4,Apparel
TX101178,C0262,2026-02-19 00:00:00,31.08,3,Electronics
TX101280,C0284,2026-02-19 00:00:00,235.46,4,Beauty & Personal Care
TX101383,C0309,2026-02-19 00:00:00,166.49,4,Beauty & Personal Care
TX101822,C0398,2026-02-19 00:00:00,58.15,3,Electronics
TX102444,C0515,2026-02-19 00:00:00,101.44,4,Sports & Outdoors
TX102718,C0580,2026-02-19 00:00:00,92.24,4,Electronics
TX103061,C0652,2026-02-19 00:00:00,35.93,5,Apparel
TX104049,C0877,2026-02-19 00:00:00,22.07,2,Electronics
TX104310,C0937,2026-02-19 00:00:00,220.12,8,Electronics
TX104552,C0985,2026-02-19 00:00:00,238.96,9,Home & Kitchen
TX100388,C0094,2026-02-20 00:00:00,258.24,8,Beauty & Personal Care
TX100868,C0192,2026-02-20 00:00:00,249.99,9,Apparel
TX100892,C0197,2026-02-20 00:00:00,189.96,9,Electronics
TX101370,C0307,2026-02-20 00:00:00,464.09,8,Apparel
TX101489,C0325,2026-02-20 00:00:00,78.0,5,Apparel
TX101896,C0418,2026-02-20 00:00:00,94.54,2,Sports & Outdoors
TX102229,C0477,2026-02-20 00:00:00,191.02,7,Home & Kitchen
TX102389,C0506,2026-02-20 00:00:00,37.72,2,Electronics
TX102486,C0523,2026-02-20 00:00:00,74.11,1,Sports & Outdoors
TX103964,C0857,2026-02-20 00:00:00,42.52,2,Apparel
TX104334,C0942,2026-02-20 00:00:00,98.96,3,Home & Kitchen
TX104413,C0957,2026-02-20 00:00:00,102.17,7,Apparel
TX104592,C0990,2026-02-20 00:00:00,182.06,5,Books
TX104593,C0991,2026-02-20 00:00:00,91.25,3,Apparel
TX100056,C0015,2026-02-21 00:00:00,90.47,5,Home & Kitchen
TX100664,C0149,2026-02-21 00:00:00,49.42,2,Apparel
TX100921,C0205,2026-02-21 00:00:00,112.91,3,Sports & Outdoors
TX101003,C0225,2026-02-21 00:00:00,30.28,3,Electronics
TX101104,C0247,2026-02-21 00:00:00,310.59,8,Electronics
TX101306,C0288,2026-02-21 00:00:00,243.94,4,Apparel
TX102004,C0437,2026-02-21 00:00:00,164.74,5,Beauty & Personal Care
TX102062,C0448,2026-02-21 00:00:00,105.03,6,Apparel
TX102202,C0470,2026-02-21 00:00:00,339.49,4,Electronics
TX102820,C0597,2026-02-21 00:00:00,49.36,2,Apparel
TX102856,C0602,2026-02-21 00:00:00,246.66,4,Apparel
TX103118,C0662,2026-02-21 00:00:00,435.71,7,Books
TX103445,C0734,2026-02-21 00:00:00,189.03,7,Home & Kitchen
TX103476,C0740,2026-02-21 00:00:00,79.76,5,Electronics
TX103588,C0767,2026-02-21 00:00:00,160.53,3,Apparel
TX103645,C0780,2026-02-21 00:00:00,32.13,4,Electronics
TX103784,C0814,2026-02-21 00:00:00,110.48,10,Electronics
TX103948,C0853,2026-02-21 00:00:00,32.72,2,Sports & Outdoors
TX104436,C0964,2026-02-21 00:00:00,435.42,3,Home & Kitchen
TX100696,C0157,2026-02-22 00:00:00,245.68,8,Home & Kitchen
TX100877,C0194,2026-02-22 00:00:00,116.63,5,Apparel
TX101244,C0277,2026-02-22 00:00:00,344.0,7,Apparel
TX101269,C0282,2026-02-22 00:00:00,30.26,1,Sports & Outdoors
TX101483,C0324,2026-02-22 00:00:00,34.15,5,Home & Kitchen
TX101499,C0327,2026-02-22 00:00:00,29.13,5,Electronics
TX102999,C0634,2026-02-22 00:00:00,50.55,3,Apparel
TX103944,C0851,2026-02-22 00:00:00,98.25,4,Sports & Outdoors
TX100308,C0074,2026-02-23 00:00:00,303.88,4,Electronics
TX100949,C0213,2026-02-23 00:00:00,132.27,7,Books
TX101946,C0424,2026-02-23 00:00:00,66.2,1,Apparel
TX102069,C0449,2026-02-23 00:00:00,83.31,3,Apparel
TX103128,C0663,2026-02-23 00:00:00,91.96,1,Apparel
TX103463,C0738,2026-02-23 00:00:00,95.75,5,Apparel
TX103735,C0800,2026-02-23 00:00:00,439.51,8,Home & Kitchen
TX104016,C0872,2026-02-23 00:00:00,171.91,7,Beauty & Personal Care
TX100119,C0030,2026-02-24 00:00:00,69.98,4,Apparel
TX100260,C0063,2026-02-24 00:00:00,58.61,1,Apparel
TX100303,C0072,2026-02-24 00:00:00,21.24,5,Books
TX100390,C0094,2026-02-24 00:00:00,152.75,9,Sports & Outdoors
TX100666,C0150,2026-02-24 00:00:00,60.91,4,Books
TX100941,C0209,2026-02-24 00:00:00,68.59,4,Electronics
TX100945,C0212,2026-02-24 00:00:00,81.11,2,Sports & Outdoors
TX101311,C0289,2026-02-24 00:00:00,101.68,8,Sports & Outdoors
TX101347,C0303,2026-02-24 00:00:00,223.12,10,Apparel
TX101460,C0321,2026-02-24 00:00:00,96.91,5,Beauty & Personal Care
TX101876,C0415,2026-02-24 00:00:00,399.76,10,Apparel
TX101884,C0415,2026-02-24 00:00:00,377.29,10,Books
TX102164,C0466,2026-02-24 00:00:00,172.04,10,Home & Kitchen
TX102605,C0549,2026-02-24 00:00:00,308.04,3,Home & Kitchen
TX103187,C0678,2026-02-24 00:00:00,417.96,6,Electronics
TX103380,C0718,2026-02-24 00:00:00,30.66,1,Electronics
TX103487,C0743,2026-02-24 00:00:00,48.43,5,Apparel
TX103674,C0786,2026-02-24 00:00:00,51.7,2,Sports & Outdoors
TX103760,C0805,2026-02-24 00:00:00,168.63,4,Electronics
TX103892,C0835,2026-02-24 00:00:00,28.17,4,Beauty & Personal Care
TX104197,C0906,2026-02-24 00:00:00,65.96,2,Apparel
TX104294,C0932,2026-02-24 00:00:00,158.94,8,Apparel
TX100478,C0108,2026-02-25 00:00:00,68.11,2,Home & Kitchen
TX100789,C0176,2026-02-25 00:00:00,21.23,1,Home & Kitchen
TX100857,C0191,2026-02-25 00:00:00,212.87,3,Electronics
TX100999,C0224,2026-02-25 00:00:00,222.02,4,Electronics
TX101135,C0250,2026-02-25 00:00:00,175.75,4,Electronics
TX102465,C0519,2026-02-25 00:00:00,45.48,1,Apparel
TX102719,C0580,2026-02-25 00:00:00,58.91,5,Electronics
TX104186,C0904,2026-02-25 00:00:00,176.98,9,Electronics
TX100338,C0080,2026-02-26 00:00:00,46.34,5,Sports & Outdoors
TX100370,C0091,2026-02-26 00:00:00,248.35,9,Home & Kitchen
TX100901,C0200,2026-02-26 00:00:00,91.32,2,Electronics
TX102541,C0535,2026-02-26 00:00:00,200.32,7,Home & Kitchen
TX103081,C0657,2026-02-26 00:00:00,69.69,1,Books
TX103205,C0680,2026-02-26 00:00:00,228.4,9,Apparel
TX103736,C0800,2026-02-26 00:00:00,189.18,3,Electronics
TX103836,C0824,2026-02-26 00:00:00,69.67,1,Books
TX104155,C0896,2026-02-26 00:00:00,100.68,9,Apparel
TX100712,C0159,2026-02-27 00:00:00,334.05,10,Apparel
TX100792,C0176,2026-02-27 00:00:00,102.97,7,Home & Kitchen
TX101511,C0330,2026-02-27 00:00:00,113.32,3,Electronics
TX102098,C0453,2026-02-27 00:00:00,384.59,3,Apparel
TX102977,C0626,2026-02-27 00:00:00,90.06,1,Electronics
TX103446,C0734,2026-02-27 00:00:00,221.5,6,Beauty & Personal Care
TX103661,C0782,2026-02-27 00:00:00,65.35,2,Apparel
TX103679,C0788,2026-02-27 00:00:00,31.19,2,Beauty & Personal Care
TX100003,C0002,2026-02-28 00:00:00,41.69,4,Apparel
TX100605,C0138,2026-02-28 00:00:00,231.99,10,Sports & Outdoors
TX100887,C0197,2026-02-28 00:00:00,161.82,4,Home & Kitchen
TX100914,C0203,2026-02-28 00:00:00,119.42,3,Home & Kitchen
TX101136,C0250,2026-02-28 00:00:00,281.34,8,Home & Kitchen
TX101842,C0405,2026-02-28 00:00:00,117.36,6,Apparel
TX102032,C0442,2026-02-28 00:00:00,322.87,3,Home & Kitchen
TX102235,C0477,2026-02-28 00:00:00,434.2,7,Sports & Outdoors
TX102439,C0514,2026-02-28 00:00:00,115.61,5,Apparel
TX102584,C0545,2026-02-28 00:00:00,218.15,5,Sports & Outdoors
TX102604,C0549,2026-02-28 00:00:00,365.08,4,Electronics
TX102766,C0589,2026-02-28 00:00:00,131.66,3,Beauty & Personal Care
TX102817,C0596,2026-02-28 00:00:00,24.19,5,Books
TX102840,C0599,2026-02-28 00:00:00,171.11,3,Apparel
TX103076,C0655,2026-02-28 00:00:00,34.09,4,Apparel
TX103573,C0765,2026-02-28 00:00:00,117.68,7,Home & Kitchen
TX103992,C0867,2026-02-28 00:00:00,55.46,3,Electronics
TX104167,C0899,2026-02-28 00:00:00,24.89,3,Beauty & Personal Care
TX104173,C0901,2026-02-28 00:00:00,222.05,7,Books
TX104211,C0912,2026-02-28 00:00:00,174.43,4,Sports & Outdoors
TX104216,C0912,2026-02-28 00:00:00,174.8,5,Electronics
TX104279,C0929,2026-02-28 00:00:00,77.21,3,Electronics
TX100644,C0145,2026-03-01 00:00:00,216.27,10,Home & Kitchen
TX101057,C0237,2026-03-01 00:00:00,88.24,1,Beauty & Personal Care
TX101212,C0270,2026-03-01 00:00:00,53.41,2,Sports & Outdoors
TX101283,C0284,2026-03-01 00:00:00,171.88,8,Home & Kitchen
TX101969,C0429,2026-03-01 00:00:00,44.6,2,Home & Kitchen
TX102045,C0444,2026-03-01 00:00:00,29.48,4,Apparel
TX102588,C0547,2026-03-01 00:00:00,83.05,3,Electronics
TX102764,C0589,2026-03-01 00:00:00,84.0,5,Electronics
TX103172,C0671,2026-03-01 00:00:00,36.75,1,Electronics
TX103808,C0820,2026-03-01 00:00:00,287.98,3,Apparel
TX103867,C0831,2026-03-01 00:00:00,189.63,8,Electronics
TX103884,C0833,2026-03-01 00:00:00,60.6,1,Beauty & Personal Care
TX104528,C0978,2026-03-01 00:00:00,209.79,4,Sports & Outdoors
TX104622,C0993,2026-03-01 00:00:00,494.53,4,Apparel
TX100408,C0097,2026-03-02 00:00:00,69.46,5,Apparel
TX100505,C0113,2026-03-02 00:00:00,80.43,1,Books
TX100993,C0223,2026-03-02 00:00:00,141.02,10,Beauty & Personal Care
TX101520,C0333,2026-03-02 00:00:00,107.09,5,Electronics
TX101826,C0401,2026-03-02 00:00:00,25.67,1,Beauty & Personal Care
TX101871,C0415,2026-03-02 00:00:00,311.08,10,Apparel
TX102125,C0458,2026-03-02 00:00:00,111.94,3,Beauty & Personal Care
TX102827,C0599,2026-03-02 00:00:00,281.45,3,Beauty & Personal Care
TX102866,C0604,2026-03-02 00:00:00,73.17,5,Home & Kitchen
TX102960,C0623,2026-03-02 00:00:00,228.94,3,Apparel
TX103039,C0643,2026-03-02 00:00:00,31.46,1,Apparel
TX103406,C0726,2026-03-02 00:00:00,497.03,6,Electronics
TX103604,C0770,2026-03-02 00:00:00,41.27,3,Books
TX104291,C0932,2026-03-02 00:00:00,489.7,10,Beauty & Personal Care
TX100058,C0015,2026-03-03 00:00:00,91.29,5,Electronics
TX100501,C0112,2026-03-03 00:00:00,53.77,1,Home & Kitchen
TX100811,C0178,2026-03-03 00:00:00,479.35,9,Apparel
TX100890,C0197,2026-03-03 00:00:00,120.11,9,Apparel
TX100897,C0199,2026-03-03 00:00:00,193.09,7,Home & Kitchen
TX101567,C0344,2026-03-03 00:00:00,88.68,2,Beauty & Personal Care
TX101735,C0380,2026-03-03 00:00:00,104.63,4,Home & Kitchen
TX102120,C0456,2026-03-03 00:00:00,113.02,7,Apparel
TX103301,C0698,2026-03-03 00:00:00,336.95,7,Books
TX103966,C0858,2026-03-03 00:00:00,127.93,3,Electronics
TX104138,C0895,2026-03-03 00:00:00,499.41,10,Beauty & Personal Care
TX101060,C0237,2026-03-04 00:00:00,119.34,8,Apparel
TX101430,C0318,2026-03-04 00:00:00,398.5,3,Apparel
TX101672,C0371,2026-03-04 00:00:00,154.77,3,Beauty & Personal Care
TX102083,C0451,2026-03-04 00:00:00,164.52,9,Home & Kitchen
TX102325,C0493,2026-03-04 00:00:00,221.61,7,Home & Kitchen
TX102523,C0532,2026-03-04 00:00:00,118.84,8,Apparel
TX103043,C0643,2026-03-04 00:00:00,99.69,3,Electronics
TX103923,C0844,2026-03-04 00:00:00,103.12,7,Electronics
TX104513,C0977,2026-03-04 00:00:00,97.95,3,Beauty & Personal Care
TX100150,C0040,2026-03-05 00:00:00,123.35,7,Apparel
TX100744,C0168,2026-03-05 00:00:00,51.62,4,Electronics
TX100913,C0202,2026-03-05 00:00:00,233.07,3,Books
TX100983,C0220,2026-03-05 00:00:00,93.05,3,Electronics
TX101078,C0240,2026-03-05 00:00:00,199.04,9,Books
TX101388,C0311,2026-03-05 00:00:00,118.32,10,Home & Kitchen
TX101422,C0317,2026-03-05 00:00:00,462.3,3,Apparel
TX101614,C0357,2026-03-05 00:00:00,67.56,5,Electronics
TX101634,C0362,2026-03-05 00:00:00,38.89,1,Home & Kitchen
TX101800,C0393,2026-03-05 00:00:00,118.34,9,Home & Kitchen
TX101858,C0411,2026-03-05 00:00:00,22.64,2,Beauty & Personal Care
TX102339,C0497,2026-03-05 00:00:00,355.95,9,Apparel
TX102556,C0538,2026-03-05 00:00:00,28.46,4,Apparel
TX102857,C0602,2026-03-05 00:00:00,330.7,3,Apparel
TX103193,C0678,2026-03-05 00:00:00,224.81,7,Apparel
TX103848,C0826,2026-03-05 00:00:00,112.13,4,Electronics
TX103854,C0827,2026-03-05 00:00:00,31.11,5,Apparel
TX100266,C0064,2026-03-06 00:00:00,247.46,4,Sports & Outdoors
TX100701,C0157,2026-03-06 00:00:00,66.09,5,Apparel
TX101084,C0241,2026-03-06 00:00:00,100.55,6,Beauty & Personal Care
TX101933,C0422,2026-03-06 00:00:00,73.4,1,Electronics
TX102111,C0455,2026-03-06 00:00:00,218.26,6,Beauty & Personal Care
TX102317,C0491,2026-03-06 00:00:00,34.4,2,Electronics
TX102458,C0517,2026-03-06 00:00:00,34.07,3,Electronics
TX102550,C0537,2026-03-06 00:00:00,242.55,7,Electronics
TX103378,C0717,2026-03-06 00:00:00,58.15,1,Electronics
TX103541,C0755,2026-03-06 00:00:00,49.0,1,Books
TX103806,C0819,2026-03-06 00:00:00,73.48,2,Sports & Outdoors
TX104041,C0875,2026-03-06 00:00:00,400.4,9,Apparel
TX104107,C0889,2026-03-06 00:00:00,55.88,5,Home & Kitchen
TX104207,C0911,2026-03-06 00:00:00,23.7,1,Home & Kitchen
TX100749,C0169,2026-03-07 00:00:00,87.79,2,Apparel
TX100989,C0223,2026-03-07 00:00:00,154.23,10,Electronics
TX101294,C0285,2026-03-07 00:00:00,143.13,7,Electronics
TX101375,C0308,2026-03-07 00:00:00,96.26,1,Sports & Outdoors
TX101429,C0318,2026-03-07 00:00:00,151.12,4,Apparel
TX101491,C0325,2026-03-07 00:00:00,179.48,6,Apparel
TX101779,C0388,2026-03-07 00:00:00,230.91,7,Electronics
TX101882,C0415,2026-03-07 00:00:00,364.85,9,Books
TX102078,C0451,2026-03-07 00:00:00,165.5,10,Books
TX103217,C0683,2026-03-07 00:00:00,165.86,8,Sports & Outdoors
TX103318,C0703,2026-03-07 00:00:00,85.69,4,Electronics
TX103492,C0746,2026-03-07 00:00:00,169.32,4,Home & Kitchen
TX104038,C0875,2026-03-07 00:00:00,494.06,6,Books
TX104446,C0964,2026-03-07 00:00:00,268.41,10,Electronics
TX100570,C0129,2026-03-08 00:00:00,64.57,5,Apparel
TX100668,C0151,2026-03-08 00:00:00,66.43,3,Books
TX100757,C0172,2026-03-08 00:00:00,473.19,10,Books
TX100776,C0173,2026-03-08 00:00:00,118.11,7,Apparel
TX101145,C0253,2026-03-08 00:00:00,76.73,3,Books
TX101544,C0340,2026-03-08 00:00:00,54.22,5,Home & Kitchen
TX101546,C0340,2026-03-08 00:00:00,45.82,4,Apparel
TX102362,C0499,2026-03-08 00:00:00,137.88,7,Sports & Outdoors
TX102579,C0545,2026-03-08 00:00:00,470.84,6,Apparel
TX102641,C0561,2026-03-08 00:00:00,225.65,10,Home & Kitchen
TX103370,C0715,2026-03-08 00:00:00,80.54,4,Books
TX103866,C0831,2026-03-08 00:00:00,109.32,10,Electronics
TX104346,C0945,2026-03-08 00:00:00,50.02,2,Apparel
TX104388,C0953,2026-03-08 00:00:00,34.78,4,Books
TX104598,C0991,2026-03-08 00:00:00,75.19,1,Electronics
TX104613,C0993,2026-03-08 00:00:00,379.06,4,Books
TX100108,C0027,2026-03-09 00:00:00,100.89,3,Apparel
TX100508,C0115,2026-03-09 00:00:00,111.1,5,Books
TX100626,C0143,2026-03-09 00:00:00,26.2,4,Electronics
TX101328,C0295,2026-03-09 00:00:00,67.87,1,Home & Kitchen
TX102230,C0477,2026-03-09 00:00:00,359.35,8,Electronics
TX102405,C0508,2026-03-09 00:00:00,99.27,4,Electronics
TX103137,C0664,2026-03-09 00:00:00,165.34,10,Electronics
TX103586,C0767,2026-03-09 00:00:00,245.72,8,Apparel
TX103787,C0815,2026-03-09 00:00:00,180.52,4,Sports & Outdoors
TX103887,C0833,2026-03-09 00:00:00,120.81,6,Home & Kitchen
TX104018,C0872,2026-03-09 00:00:00,235.19,4,Apparel
TX104126,C0893,2026-03-09 00:00:00,218.26,8,Books
TX104169,C0899,2026-03-09 00:00:00,117.6,4,Electronics
TX100116,C0029,2026-03-10 00:00:00,206.37,6,Home & Kitchen
TX100198,C0051,2026-03-10 00:00:00,71.33,2,Electronics
TX100957,C0213,2026-03-10 00:00:00,78.41,1,Home & Kitchen
TX101079,C0240,2026-03-10 00:00:00,136.29,4,Apparel
TX101173,C0260,2026-03-10 00:00:00,243.76,4,Beauty & Personal Care
TX101435,C0318,2026-03-10 00:00:00,189.33,7,Apparel
TX101697,C0376,2026-03-10 00:00:00,473.85,10,Apparel
TX101777,C0388,2026-03-10 00:00:00,148.24,9,Beauty & Personal Care
TX102529,C0533,2026-03-10 00:00:00,313.56,3,Home & Kitchen
TX102536,C0535,2026-03-10 00:00:00,195.71,10,Electronics
TX102757,C0587,2026-03-10 00:00:00,256.14,9,Apparel
TX102813,C0594,2026-03-10 00:00:00,34.52,1,Home & Kitchen
TX102918,C0617,2026-03-10 00:00:00,109.38,6,Apparel
TX102988,C0630,2026-03-10 00:00:00,91.1,5,Electronics
TX103245,C0688,2026-03-10 00:00:00,243.74,9,Apparel
TX103268,C0692,2026-03-10 00:00:00,85.05,4,Electronics
TX103365,C0714,2026-03-10 00:00:00,349.28,6,Books
TX103384,C0719,2026-03-10 00:00:00,112.27,6,Sports & Outdoors
TX103712,C0795,2026-03-10 00:00:00,128.47,9,Sports & Outdoors
TX103785,C0814,2026-03-10 00:00:00,83.72,2,Apparel
TX104270,C0926,2026-03-10 00:00:00,57.99,2,Sports & Outdoors
TX100061,C0016,2026-03-11 00:00:00,43.17,2,Electronics
TX100157,C0042,2026-03-11 00:00:00,26.3,5,Home & Kitchen
TX100702,C0157,2026-03-11 00:00:00,97.81,4,Apparel
TX100778,C0173,2026-03-11 00:00:00,97.19,2,Electronics
TX101034,C0233,2026-03-11 00:00:00,149.34,8,Apparel
TX101123,C0249,2026-03-11 00:00:00,111.67,5,Sports & Outdoors
TX101225,C0273,2026-03-11 00:00:00,107.71,10,Sports & Outdoors
TX101474,C0323,2026-03-11 00:00:00,391.64,10,Apparel
TX102128,C0459,2026-03-11 00:00:00,22.26,5,Apparel
TX102289,C0486,2026-03-11 00:00:00,164.56,9,Beauty & Personal Care
TX102411,C0509,2026-03-11 00:00:00,63.25,3,Home & Kitchen
TX102771,C0590,2026-03-11 00:00:00,318.03,8,Apparel
TX103068,C0653,2026-03-11 00:00:00,146.36,5,Apparel
TX103708,C0794,2026-03-11 00:00:00,225.29,10,Electronics
TX103730,C0800,2026-03-11 00:00:00,365.96,6,Home & Kitchen
TX102072,C0450,2026-03-12 00:00:00,115.77,4,Apparel
TX102762,C0587,2026-03-12 00:00:00,223.2,4,Apparel
TX102884,C0612,2026-03-12 00:00:00,42.43,4,Home & Kitchen
TX103344,C0712,2026-03-12 00:00:00,67.99,1,Electronics
TX103521,C0751,2026-03-12 00:00:00,244.29,9,Home & Kitchen
TX104404,C0956,2026-03-12 00:00:00,187.11,9,Electronics
TX104601,C0991,2026-03-12 00:00:00,64.86,5,Electronics
TX101122,C0249,2026-03-13 00:00:00,77.69,4,Beauty & Personal Care
TX101211,C0269,2026-03-13 00:00:00,464.95,5,Sports & Outdoors
TX101699,C0376,2026-03-13 00:00:00,417.0,6,Apparel
TX102247,C0478,2026-03-13 00:00:00,221.1,3,Sports & Outdoors
TX102262,C0480,2026-03-13 00:00:00,242.52,6,Home & Kitchen
TX102299,C0487,2026-03-13 00:00:00,59.64,2,Electronics
TX102586,C0546,2026-03-13 00:00:00,27.67,3,Sports & Outdoors
TX102659,C0566,2026-03-13 00:00:00,57.6,2,Electronics
TX103218,C0683,2026-03-13 00:00:00,219.87,9,Apparel
TX103621,C0773,2026-03-13 00:00:00,203.3,5,Sports & Outdoors
TX103861,C0828,2026-03-13 00:00:00,66.55,5,Electronics
TX104354,C0947,2026-03-13 00:00:00,94.76,5,Home & Kitchen
TX104469,C0969,2026-03-13 00:00:00,398.73,5,Home & Kitchen
TX104638,C0997,2026-03-13 00:00:00,226.63,4,Books
TX100104,C0026,2026-03-14 00:00:00,146.27,10,Home & Kitchen
TX100762,C0172,2026-03-14 00:00:00,430.51,6,Home & Kitchen
TX101694,C0376,2026-03-14 00:00:00,492.03,5,Apparel
TX101750,C0384,2026-03-14 00:00:00,97.23,1,Electronics
TX101861,C0413,2026-03-14 00:00:00,61.45,5,Sports & Outdoors
TX102084,C0451,2026-03-14 00:00:00,93.82,5,Beauty & Personal Care
TX102694,C0575,2026-03-14 00:00:00,271.37,10,Sports & Outdoors
TX102896,C0614,2026-03-14 00:00:00,159.6,7,Electronics
TX102996,C0633,2026-03-14 00:00:00,118.34,5,Apparel
TX104304,C0934,2026-03-14 00:00:00,88.6,1,Home & Kitchen
TX104407,C0956,2026-03-14 00:00:00,208.01,9,Beauty & Personal Care
TX104623,C0993,2026-03-14 00:00:00,184.89,9,Electronics
TX100336,C0079,2026-03-15 00:00:00,63.48,5,Home & Kitchen
TX100393,C0094,2026-03-15 00:00:00,426.26,7,Beauty & Personal Care
TX100549,C0125,2026-03-15 00:00:00,77.18,1,Apparel
TX100958,C0213,2026-03-15 00:00:00,122.93,8,Books
TX101049,C0236,2026-03-15 00:00:00,236.55,6,Apparel
TX101653,C0369,2026-03-15 00:00:00,211.16,6,Apparel
TX102046,C0444,2026-03-15 00:00:00,53.73,1,Apparel
TX102360,C0499,2026-03-15 00:00:00,83.96,1,Apparel
TX102911,C0616,2026-03-15 00:00:00,99.15,5,Home & Kitchen
TX103240,C0688,2026-03-15 00:00:00,221.18,10,Apparel
TX103781,C0813,2026-03-15 00:00:00,71.33,5,Sports & Outdoors
TX103826,C0821,2026-03-15 00:00:00,10.18,4,Electronics
TX104455,C0968,2026-03-15 00:00:00,65.53,1,Electronics
TX100467,C0107,2026-03-16 00:00:00,220.15,3,Electronics
TX101137,C0250,2026-03-16 00:00:00,432.99,5,Apparel
TX101433,C0318,2026-03-16 00:00:00,456.26,10,Apparel
TX102975,C0626,2026-03-16 00:00:00,45.81,4,Beauty & Personal Care
TX103005,C0635,2026-03-16 00:00:00,86.45,2,Apparel
TX103047,C0646,2026-03-16 00:00:00,51.49,4,Beauty & Personal Care
TX103713,C0795,2026-03-16 00:00:00,65.92,3,Apparel
TX104295,C0932,2026-03-16 00:00:00,225.95,5,Home & Kitchen
TX104308,C0936,2026-03-16 00:00:00,51.37,2,Beauty & Personal Care
TX100093,C0023,2026-03-17 00:00:00,213.13,10,Beauty & Personal Care
TX100310,C0074,2026-03-17 00:00:00,292.65,8,Electronics
TX100470,C0107,2026-03-17 00:00:00,100.1,4,Books
TX100502,C0112,2026-03-17 00:00:00,76.2,4,Apparel
TX100773,C0173,2026-03-17 00:00:00,63.76,4,Apparel
TX100786,C0175,2026-03-17 00:00:00,67.77,3,Home & Kitchen
TX100809,C0178,2026-03-17 00:00:00,476.24,10,Books
TX101510,C0330,2026-03-17 00:00:00,81.7,2,Apparel
TX101587,C0352,2026-03-17 00:00:00,73.17,4,Beauty & Personal Care
TX101742,C0383,2026-03-17 00:00:00,88.59,2,Home & Kitchen
TX101855,C0410,2026-03-17 00:00:00,59.68,4,Electronics
TX102677,C0572,2026-03-17 00:00:00,67.83,1,Apparel
TX102772,C0590,2026-03-17 00:00:00,346.71,7,Apparel
TX103123,C0662,2026-03-17 00:00:00,370.13,7,Books
TX103886,C0833,2026-03-17 00:00:00,153.21,9,Beauty & Personal Care
TX104305,C0934,2026-03-17 00:00:00,88.87,1,Electronics
TX100140,C0035,2026-03-18 00:00:00,37.79,1,Apparel
TX100360,C0088,2026-03-18 00:00:00,63.44,2,Beauty & Personal Care
TX100831,C0186,2026-03-18 00:00:00,18.1,1,Electronics
TX100858,C0191,2026-03-18 00:00:00,377.53,9,Sports & Outdoors
TX100895,C0199,2026-03-18 00:00:00,240.84,4,Electronics
TX100929,C0206,2026-03-18 00:00:00,161.92,7,Electronics
TX101993,C0436,2026-03-18 00:00:00,113.09,5,Apparel
TX102227,C0476,2026-03-18 00:00:00,39.0,3,Books
TX102513,C0528,2026-03-18 00:00:00,74.89,2,Electronics
TX102686,C0574,2026-03-18 00:00:00,33.87,5,Apparel
TX102692,C0575,2026-03-18 00:00:00,376.93,7,Beauty & Personal Care
TX102786,C0591,2026-03-18 00:00:00,120.84,7,Apparel
TX102829,C0599,2026-03-18 00:00:00,402.55,4,Beauty & Personal Care
TX102937,C0620,2026-03-18 00:00:00,196.75,3,Apparel
TX102982,C0628,2026-03-18 00:00:00,55.97,3,Apparel
TX103049,C0646,2026-03-18 00:00:00,93.33,1,Apparel
TX103306,C0698,2026-03-18 00:00:00,238.81,5,Apparel
TX103469,C0740,2026-03-18 00:00:00,102.38,3,Electronics
TX103686,C0791,2026-03-18 00:00:00,62.32,5,Electronics
TX104213,C0912,2026-03-18 00:00:00,62.15,2,Beauty & Personal Care
TX104223,C0913,2026-03-18 00:00:00,224.72,6,Apparel
TX104416,C0958,2026-03-18 00:00:00,82.62,5,Apparel
TX104464,C0969,2026-03-18 00:00:00,478.17,8,Apparel
TX104581,C0987,2026-03-18 00:00:00,43.64,5,Books
TX104633,C0997,2026-03-18 00:00:00,223.44,6,Home & Kitchen
TX100011,C0004,2026-03-19 00:00:00,262.99,9,Beauty & Personal Care
TX100516,C0116,2026-03-19 00:00:00,86.22,4,Apparel
TX101249,C0277,2026-03-19 00:00:00,297.18,9,Apparel
TX101866,C0414,2026-03-19 00:00:00,162.67,4,Sports & Outdoors
TX101936,C0423,2026-03-19 00:00:00,114.09,7,Electronics
TX102071,C0449,2026-03-19 00:00:00,68.47,3,Home & Kitchen
TX102512,C0528,2026-03-19 00:00:00,72.51,1,Apparel
TX103208,C0680,2026-03-19 00:00:00,135.6,4,Home & Kitchen
TX103347,C0712,2026-03-19 00:00:00,77.24,5,Apparel
TX100001,C0001,2026-03-20 00:00:00,96.54,1,Apparel
TX100783,C0175,2026-03-20 00:00:00,97.13,3,Apparel
TX101748,C0384,2026-03-20 00:00:00,85.82,2,Apparel
TX101805,C0394,2026-03-20 00:00:00,481.51,5,Apparel
TX102421,C0511,2026-03-20 00:00:00,176.29,7,Books
TX103163,C0669,2026-03-20 00:00:00,118.47,4,Electronics
TX103189,C0678,2026-03-20 00:00:00,317.86,5,Beauty & Personal Care
TX103649,C0781,2026-03-20 00:00:00,60.05,3,Sports & Outdoors
TX104056,C0880,2026-03-20 00:00:00,61.8,5,Electronics
TX104408,C0956,2026-03-20 00:00:00,474.83,6,Electronics
TX104506,C0975,2026-03-20 00:00:00,321.37,5,Apparel
TX100137,C0035,2026-03-21 00:00:00,96.94,3,Apparel
TX100474,C0108,2026-03-21 00:00:00,81.85,5,Apparel
TX101074,C0240,2026-03-21 00:00:00,192.95,3,Electronics
TX101359,C0306,2026-03-21 00:00:00,37.98,3,Apparel
TX101597,C0354,2026-03-21 00:00:00,322.71,7,Apparel
TX101723,C0379,2026-03-21 00:00:00,235.83,7,Home & Kitchen
TX101791,C0391,2026-03-21 00:00:00,151.93,8,Electronics
TX103070,C0653,2026-03-21 00:00:00,237.56,4,Books
TX103223,C0684,2026-03-21 00:00:00,246.14,7,Home & Kitchen
TX103665,C0783,2026-03-21 00:00:00,27.65,1,Home & Kitchen
TX104153,C0895,2026-03-21 00:00:00,246.76,9,Apparel
TX100249,C0058,2026-03-22 00:00:00,475.87,5,Sports & Outdoors
TX100796,C0177,2026-03-22 00:00:00,192.81,3,Sports & Outdoors
TX101449,C0320,2026-03-22 00:00:00,99.99,5,Electronics
TX101563,C0343,2026-03-22 00:00:00,150.3,5,Electronics
TX102132,C0460,2026-03-22 00:00:00,26.3,3,Books
TX102356,C0498,2026-03-22 00:00:00,61.8,2,Books
TX102553,C0537,2026-03-22 00:00:00,203.96,3,Electronics
TX103513,C0749,2026-03-22 00:00:00,104.91,6,Apparel
TX103726,C0800,2026-03-22 00:00:00,155.39,8,Electronics
TX103830,C0823,2026-03-22 00:00:00,45.97,1,Apparel
TX104045,C0876,2026-03-22 00:00:00,99.0,5,Apparel
TX100070,C0017,2026-03-23 00:00:00,90.21,4,Apparel
TX100168,C0044,2026-03-23 00:00:00,211.84,6,Electronics
TX100342,C0081,2026-03-23 00:00:00,29.74,3,Sports & Outdoors
TX101180,C0262,2026-03-23 00:00:00,112.49,10,Electronics
TX101197,C0269,2026-03-23 00:00:00,242.95,4,Apparel
TX101215,C0270,2026-03-23 00:00:00,30.94,1,Home & Kitchen
TX101534,C0338,2026-03-23 00:00:00,182.04,6,Books
TX101877,C0415,2026-03-23 00:00:00,495.17,6,Home & Kitchen
TX101985,C0434,2026-03-23 00:00:00,170.86,10,Apparel
TX102221,C0475,2026-03-23 00:00:00,83.14,3,Home & Kitchen
TX102224,C0476,2026-03-23 00:00:00,39.18,3,Apparel
TX102373,C0503,2026-03-23 00:00:00,124.06,4,Apparel
TX102517,C0529,2026-03-23 00:00:00,66.09,3,Sports & Outdoors
TX103241,C0688,2026-03-23 00:00:00,246.23,7,Apparel
TX103327,C0707,2026-03-23 00:00:00,62.83,5,Beauty & Personal Care
TX103584,C0767,2026-03-23 00:00:00,94.38,3,Electronics
TX103969,C0858,2026-03-23 00:00:00,122.43,3,Electronics
TX103972,C0859,2026-03-23 00:00:00,115.96,6,Apparel
TX103973,C0859,2026-03-23 00:00:00,172.5,5,Electronics
TX104141,C0895,2026-03-23 00:00:00,225.23,3,Home & Kitchen
TX104370,C0949,2026-03-23 00:00:00,132.7,7,Apparel
TX100034,C0009,2026-03-24 00:00:00,179.04,5,Home & Kitchen
TX100504,C0113,2026-03-24 00:00:00,46.75,2,Beauty & Personal Care
TX100652,C0146,2026-03-24 00:00:00,96.94,5,Beauty & Personal Care
TX100899,C0199,2026-03-24 00:00:00,94.33,5,Home & Kitchen
TX101214,C0270,2026-03-24 00:00:00,78.32,4,Beauty & Personal Care
TX101523,C0334,2026-03-24 00:00:00,103.73,8,Beauty & Personal Care
TX102705,C0578,2026-03-24 00:00:00,189.64,6,Apparel
TX104036,C0875,2026-03-24 00:00:00,298.28,10,Beauty & Personal Care
TX104061,C0882,2026-03-24 00:00:00,92.61,2,Apparel
TX104145,C0895,2026-03-24 00:00:00,377.16,10,Electronics
TX104250,C0921,2026-03-24 00:00:00,43.87,1,Apparel
TX104261,C0923,2026-03-24 00:00:00,113.44,8,Apparel
TX104336,C0944,2026-03-24 00:00:00,62.7,3,Home & Kitchen
TX104523,C0978,2026-03-24 00:00:00,298.72,6,Electronics
TX100452,C0103,2026-03-25 00:00:00,48.49,2,Electronics
TX101071,C0239,2026-03-25 00:00:00,220.52,8,Apparel
TX101702,C0376,2026-03-25 00:00:00,263.32,6,Books
TX102156,C0463,2026-03-25 00:00:00,308.78,6,Books
TX102272,C0481,2026-03-25 00:00:00,86.91,4,Apparel
TX102319,C0491,2026-03-25 00:00:00,21.21,2,Electronics
TX102862,C0602,2026-03-25 00:00:00,399.42,8,Electronics
TX103315,C0701,2026-03-25 00:00:00,34.85,1,Electronics
TX103346,C0712,2026-03-25 00:00:00,74.48,4,Apparel
TX103348,C0712,2026-03-25 00:00:00,108.48,4,Apparel
TX103600,C0769,2026-03-25 00:00:00,173.91,5,Apparel
TX103906,C0840,2026-03-25 00:00:00,118.13,10,Electronics
TX103990,C0866,2026-03-25 00:00:00,107.46,7,Electronics
TX104023,C0873,2026-03-25 00:00:00,35.29,2,Electronics
TX104273,C0928,2026-03-25 00:00:00,35.43,4,Beauty & Personal Care
TX104423,C0959,2026-03-25 00:00:00,51.39,5,Apparel
TX104462,C0969,2026-03-25 00:00:00,436.79,9,Books
TX100375,C0092,2026-03-26 00:00:00,106.72,9,Beauty & Personal Care
TX100598,C0137,2026-03-26 00:00:00,75.58,4,Books
TX100685,C0155,2026-03-26 00:00:00,481.04,3,Apparel
TX100902,C0200,2026-03-26 00:00:00,93.54,1,Beauty & Personal Care
TX101019,C0229,2026-03-26 00:00:00,86.26,2,Apparel
TX101377,C0308,2026-03-26 00:00:00,73.9,1,Beauty & Personal Care
TX101734,C0380,2026-03-26 00:00:00,98.06,5,Electronics
TX101740,C0381,2026-03-26 00:00:00,108.94,9,Home & Kitchen
TX102145,C0463,2026-03-26 00:00:00,313.29,5,Beauty & Personal Care
TX102189,C0469,2026-03-26 00:00:00,297.79,4,Electronics
TX102773,C0590,2026-03-26 00:00:00,204.16,3,Apparel
TX102928,C0619,2026-03-26 00:00:00,486.05,6,Apparel
TX103482,C0742,2026-03-26 00:00:00,60.17,4,Books
TX103660,C0782,2026-03-26 00:00:00,233.09,10,Apparel
TX103790,C0815,2026-03-26 00:00:00,271.08,3,Apparel
TX103828,C0822,2026-03-26 00:00:00,100.63,4,Apparel
TX103928,C0846,2026-03-26 00:00:00,52.47,4,Electronics
TX104468,C0969,2026-03-26 00:00:00,186.56,9,Sports & Outdoors
TX104571,C0986,2026-03-26 00:00:00,99.59,5,Home & Kitchen
TX104573,C0986,2026-03-26 00:00:00,202.11,5,Apparel
TX104575,C0986,2026-03-26 00:00:00,150.22,5,Home & Kitchen
TX104582,C0988,2026-03-26 00:00:00,16.73,2,Home & Kitchen
TX100277,C0066,2026-03-27 00:00:00,82.8,4,Sports & Outdoors
TX100500,C0112,2026-03-27 00:00:00,37.47,5,Electronics
TX100611,C0138,2026-03-27 00:00:00,217.15,3,Sports & Outdoors
TX102039,C0442,2026-03-27 00:00:00,164.94,8,Apparel
TX102488,C0524,2026-03-27 00:00:00,78.29,5,Apparel
TX102754,C0587,2026-03-27 00:00:00,174.23,3,Apparel
TX102898,C0614,2026-03-27 00:00:00,395.64,10,Beauty & Personal Care
TX103515,C0750,2026-03-27 00:00:00,90.82,1,Apparel
TX103714,C0795,2026-03-27 00:00:00,119.47,3,Electronics
TX100226,C0055,2026-03-28 00:00:00,388.08,7,Electronics
TX100515,C0116,2026-03-28 00:00:00,88.81,5,Apparel
TX101955,C0427,2026-03-28 00:00:00,96.87,1,Beauty & Personal Care
TX103010,C0637,2026-03-28 00:00:00,180.71,3,Apparel
TX103343,C0711,2026-03-28 00:00:00,29.06,3,Home & Kitchen
TX103510,C0749,2026-03-28 00:00:00,50.47,1,Electronics
TX103532,C0754,2026-03-28 00:00:00,71.96,4,Home & Kitchen
TX104257,C0922,2026-03-28 00:00:00,95.7,5,Apparel
TX100170,C0045,2026-03-29 00:00:00,103.64,6,Books
TX100325,C0074,2026-03-29 00:00:00,321.27,6,Home & Kitchen
TX100772,C0173,2026-03-29 00:00:00,175.78,9,Books
TX100812,C0179,2026-03-29 00:00:00,107.31,4,Electronics
TX100885,C0197,2026-03-29 00:00:00,109.53,5,Apparel
TX100972,C0217,2026-03-29 00:00:00,38.41,2,Home & Kitchen
TX100990,C0223,2026-03-29 00:00:00,95.88,4,Sports & Outdoors
TX100992,C0223,2026-03-29 00:00:00,215.32,6,Electronics
TX101400,C0314,2026-03-29 00:00:00,87.39,4,Apparel
TX101442,C0319,2026-03-29 00:00:00,140.79,7,Beauty & Personal Care
TX101703,C0376,2026-03-29 00:00:00,448.33,5,Apparel
TX101913,C0419,2026-03-29 00:00:00,178.84,3,Apparel
TX102116,C0455,2026-03-29 00:00:00,196.79,10,Sports & Outdoors
TX102643,C0561,2026-03-29 00:00:00,111.32,10,Apparel
TX102722,C0581,2026-03-29 00:00:00,80.18,4,Apparel
TX102732,C0582,2026-03-29 00:00:00,80.43,3,Electronics
TX103015,C0637,2026-03-29 00:00:00,225.79,10,Apparel
TX103452,C0735,2026-03-29 00:00:00,54.94,5,Books
TX103472,C0740,2026-03-29 00:00:00,77.93,2,Books
TX103709,C0794,2026-03-29 00:00:00,307.03,5,Electronics
TX104094,C0887,2026-03-29 00:00:00,222.08,3,Books
TX100232,C0057,2026-03-30 00:00:00,88.11,2,Beauty & Personal Care
TX100406,C0097,2026-03-30 00:00:00,63.94,1,Sports & Outdoors
TX100991,C0223,2026-03-30 00:00:00,183.04,3,Apparel
TX101898,C0418,2026-03-30 00:00:00,93.62,4,Books
TX102589,C0547,2026-03-30 00:00:00,62.87,1,Apparel
TX102882,C0610,2026-03-30 00:00:00,84.66,5,Beauty & Personal Care
TX103777,C0813,2026-03-30 00:00:00,48.34,3,Beauty & Personal Care
TX104053,C0879,2026-03-30 00:00:00,102.39,7,Apparel
TX100080,C0020,2026-03-31 00:00:00,81.56,4,Electronics
TX100086,C0022,2026-03-31 00:00:00,106.57,6,Apparel
TX100149,C0040,2026-03-31 00:00:00,241.29,10,Electronics
TX100154,C0041,2026-03-31 00:00:00,89.59,1,Home & Kitchen
TX100343,C0081,2026-03-31 00:00:00,55.13,2,Electronics
TX101696,C0376,2026-03-31 00:00:00,172.95,9,Home & Kitchen
TX101772,C0387,2026-03-31 00:00:00,22.85,1,Apparel
TX101929,C0422,2026-03-31 00:00:00,137.75,3,Apparel
TX102068,C0449,2026-03-31 00:00:00,104.78,3,Apparel
TX102518,C0529,2026-03-31 00:00:00,23.0,1,Books
TX102676,C0571,2026-03-31 00:00:00,78.86,4,Apparel
TX102851,C0600,2026-03-31 00:00:00,220.27,6,Apparel
TX103030,C0640,2026-03-31 00:00:00,91.05,2,Apparel
TX103371,C0715,2026-03-31 00:00:00,118.83,7,Electronics
TX103397,C0724,2026-03-31 00:00:00,108.93,4,Apparel
TX103471,C0740,2026-03-31 00:00:00,72.2,1,Electronics
TX103517,C0751,2026-03-31 00:00:00,216.85,5,Electronics
TX103609,C0771,2026-03-31 00:00:00,171.88,4,Sports & Outdoors
TX103842,C0825,2026-03-31 00:00:00,187.43,10,Books
TX104070,C0884,2026-03-31 00:00:00,203.45,9,Home & Kitchen
TX104093,C0887,2026-03-31 00:00:00,388.98,10,Electronics
TX104095,C0887,2026-03-31 00:00:00,417.05,3,Apparel
TX104200,C0909,2026-03-31 00:00:00,11.8,5,Apparel
TX104238,C0916,2026-03-31 00:00:00,67.74,3,Apparel
TX100384,C0094,2026-04-01 00:00:00,316.2,6,Sports & Outdoors
TX100527,C0118,2026-04-01 00:00:00,85.2,3,Beauty & Personal Care
TX100888,C0197,2026-04-01 00:00:00,249.12,6,Books
TX101015,C0228,2026-04-01 00:00:00,92.13,4,Beauty & Personal Care
TX101393,C0312,2026-04-01 00:00:00,110.43,8,Electronics
TX101409,C0315,2026-04-01 00:00:00,247.87,4,Sports & Outdoors
TX101431,C0318,2026-04-01 00:00:00,364.68,6,Home & Kitchen
TX101968,C0429,2026-04-01 00:00:00,86.54,2,Books
TX102127,C0458,2026-04-01 00:00:00,65.52,5,Home & Kitchen
TX102440,C0514,2026-04-01 00:00:00,138.19,7,Apparel
TX102803,C0593,2026-04-01 00:00:00,214.63,9,Sports & Outdoors
TX103698,C0793,2026-04-01 00:00:00,249.59,6,Beauty & Personal Care
TX104429,C0961,2026-04-01 00:00:00,70.55,5,Apparel
TX100073,C0018,2026-04-02 00:00:00,86.26,1,Books
TX100407,C0097,2026-04-02 00:00:00,232.3,10,Electronics
TX100417,C0098,2026-04-02 00:00:00,467.56,8,Home & Kitchen
TX100728,C0164,2026-04-02 00:00:00,115.0,5,Apparel
TX100967,C0216,2026-04-02 00:00:00,139.61,3,Electronics
TX100975,C0217,2026-04-02 00:00:00,49.64,3,Home & Kitchen
TX101162,C0259,2026-04-02 00:00:00,189.61,9,Apparel
TX102295,C0487,2026-04-02 00:00:00,57.59,3,Electronics
TX102994,C0632,2026-04-02 00:00:00,54.57,5,Books
TX103354,C0714,2026-04-02 00:00:00,177.68,8,Electronics
TX103369,C0715,2026-04-02 00:00:00,24.77,3,Apparel
TX103564,C0761,2026-04-02 00:00:00,31.21,3,Electronics
TX103759,C0805,2026-04-02 00:00:00,81.13,1,Electronics
TX104393,C0954,2026-04-02 00:00:00,20.11,5,Apparel
TX100557,C0126,2026-04-03 00:00:00,180.93,10,Home & Kitchen
TX100760,C0172,2026-04-03 00:00:00,412.69,6,Beauty & Personal Care
TX100828,C0184,2026-04-03 00:00:00,29.04,3,Beauty & Personal Care
TX101386,C0310,2026-04-03 00:00:00,57.19,2,Home & Kitchen
TX101475,C0323,2026-04-03 00:00:00,485.82,6,Apparel
TX101484,C0325,2026-04-03 00:00:00,158.68,7,Apparel
TX102010,C0438,2026-04-03 00:00:00,46.67,4,Beauty & Personal Care
TX102013,C0440,2026-04-03 00:00:00,14.55,5,Beauty & Personal Care
TX102791,C0592,2026-04-03 00:00:00,174.69,10,Electronics
TX103431,C0729,2026-04-03 00:00:00,200.5,6,Apparel
TX103456,C0736,2026-04-03 00:00:00,65.24,4,Apparel
TX103731,C0800,2026-04-03 00:00:00,374.54,8,Apparel
TX104162,C0897,2026-04-03 00:00:00,131.62,5,Home & Kitchen
TX104403,C0956,2026-04-03 00:00:00,425.35,9,Home & Kitchen
TX100164,C0044,2026-04-04 00:00:00,68.7,2,Electronics
TX100359,C0087,2026-04-04 00:00:00,39.0,3,Home & Kitchen
TX100849,C0191,2026-04-04 00:00:00,287.82,5,Apparel
TX101089,C0243,2026-04-04 00:00:00,33.94,3,Electronics
TX101148,C0254,2026-04-04 00:00:00,116.19,4,Home & Kitchen
TX101590,C0353,2026-04-04 00:00:00,13.4,3,Electronics
TX102108,C0454,2026-04-04 00:00:00,157.24,9,Electronics
TX102415,C0510,2026-04-04 00:00:00,75.36,5,Books
TX102978,C0627,2026-04-04 00:00:00,80.82,2,Sports & Outdoors
TX100139,C0035,2026-04-05 00:00:00,119.6,7,Sports & Outdoors
TX100206,C0054,2026-04-05 00:00:00,118.02,3,Sports & Outdoors
TX100333,C0077,2026-04-05 00:00:00,105.29,10,Apparel
TX100463,C0105,2026-04-05 00:00:00,49.8,5,Electronics
TX100542,C0123,2026-04-05 00:00:00,27.81,5,Apparel
TX100725,C0163,2026-04-05 00:00:00,222.6,9,Electronics
TX100794,C0177,2026-04-05 00:00:00,202.97,4,Electronics
TX101307,C0288,2026-04-05 00:00:00,222.11,7,Apparel
TX101316,C0291,2026-04-05 00:00:00,70.76,3,Apparel
TX101650,C0367,2026-04-05 00:00:00,179.56,10,Apparel
TX102476,C0520,2026-04-05 00:00:00,127.81,6,Apparel
TX102939,C0620,2026-04-05 00:00:00,77.94,3,Books
TX103540,C0755,2026-04-05 00:00:00,49.3,5,Apparel
TX103620,C0773,2026-04-05 00:00:00,216.54,10,Apparel
TX100694,C0156,2026-04-06 00:00:00,96.28,5,Apparel
TX100741,C0167,2026-04-06 00:00:00,52.27,2,Home & Kitchen
TX101042,C0233,2026-04-06 00:00:00,177.62,6,Apparel
TX101406,C0315,2026-04-06 00:00:00,169.28,8,Electronics
TX101654,C0369,2026-04-06 00:00:00,181.99,4,Apparel
TX102768,C0589,2026-04-06 00:00:00,196.33,10,Apparel
TX103149,C0665,2026-04-06 00:00:00,125.76,6,Beauty & Personal Care
TX103160,C0669,2026-04-06 00:00:00,84.7,4,Electronics
TX103703,C0794,2026-04-06 00:00:00,221.64,5,Apparel
TX104187,C0904,2026-04-06 00:00:00,141.82,8,Sports & Outdoors
TX104199,C0908,2026-04-06 00:00:00,48.5,1,Books
TX104328,C0941,2026-04-06 00:00:00,83.43,4,Beauty & Personal Care
TX104343,C0944,2026-04-06 00:00:00,103.32,3,Electronics
TX104512,C0977,2026-04-06 00:00:00,54.33,2,Beauty & Personal Care
TX100035,C0009,2026-04-07 00:00:00,95.6,1,Beauty & Personal Care
TX100562,C0128,2026-04-07 00:00:00,166.6,4,Home & Kitchen
TX100866,C0192,2026-04-07 00:00:00,247.6,10,Apparel
TX101200,C0269,2026-04-07 00:00:00,406.2,9,Electronics
TX101407,C0315,2026-04-07 00:00:00,91.46,3,Apparel
TX101607,C0355,2026-04-07 00:00:00,47.48,2,Apparel
TX101635,C0363,2026-04-07 00:00:00,53.39,1,Home & Kitchen
TX101850,C0408,2026-04-07 00:00:00,33.59,4,Beauty & Personal Care
TX101883,C0415,2026-04-07 00:00:00,237.08,5,Beauty & Personal Care
TX102343,C0497,2026-04-07 00:00:00,322.43,4,Sports & Outdoors
TX102409,C0509,2026-04-07 00:00:00,133.58,8,Electronics
TX103382,C0719,2026-04-07 00:00:00,53.08,3,Home & Kitchen
TX103747,C0802,2026-04-07 00:00:00,93.7,5,Sports & Outdoors
TX104001,C0869,2026-04-07 00:00:00,322.45,9,Beauty & Personal Care
TX104168,C0899,2026-04-07 00:00:00,29.56,2,Home & Kitchen
TX101096,C0245,2026-04-08 00:00:00,46.28,1,Sports & Outdoors
TX102209,C0471,2026-04-08 00:00:00,218.91,6,Books
TX102316,C0491,2026-04-08 00:00:00,86.06,4,Books
TX102678,C0572,2026-04-08 00:00:00,43.59,4,Apparel
TX102967,C0625,2026-04-08 00:00:00,94.0,3,Sports & Outdoors
TX103272,C0694,2026-04-08 00:00:00,60.03,3,Apparel
TX103739,C0800,2026-04-08 00:00:00,339.17,9,Sports & Outdoors
TX103822,C0820,2026-04-08 00:00:00,351.19,5,Electronics
TX104144,C0895,2026-04-08 00:00:00,438.02,3,Electronics
TX104444,C0964,2026-04-08 00:00:00,165.48,10,Apparel
TX100267,C0064,2026-04-09 00:00:00,203.66,4,Electronics
TX101355,C0305,2026-04-09 00:00:00,66.27,4,Electronics
TX101656,C0369,2026-04-09 00:00:00,116.11,10,Apparel
TX101803,C0394,2026-04-09 00:00:00,410.61,5,Home & Kitchen
TX101812,C0394,2026-04-09 00:00:00,364.59,4,Electronics
TX101819,C0398,2026-04-09 00:00:00,86.04,3,Beauty & Personal Care
TX101942,C0423,2026-04-09 00:00:00,143.24,5,Apparel
TX102651,C0562,2026-04-09 00:00:00,73.35,1,Sports & Outdoors
TX103266,C0692,2026-04-09 00:00:00,109.63,9,Beauty & Personal Care
TX103488,C0743,2026-04-09 00:00:00,99.58,1,Apparel
TX104065,C0883,2026-04-09 00:00:00,42.21,5,Sports & Outdoors
TX104355,C0948,2026-04-09 00:00:00,134.37,8,Apparel
TX100946,C0212,2026-04-10 00:00:00,82.89,2,Electronics
TX100950,C0213,2026-04-10 00:00:00,102.14,9,Apparel
TX101230,C0274,2026-04-10 00:00:00,167.67,8,Apparel
TX101305,C0288,2026-04-10 00:00:00,134.18,8,Electronics
TX101645,C0367,2026-04-10 00:00:00,249.15,9,Electronics
TX101778,C0388,2026-04-10 00:00:00,143.68,3,Apparel
TX101831,C0402,2026-04-10 00:00:00,142.42,7,Electronics
TX101905,C0419,2026-04-10 00:00:00,424.42,4,Home & Kitchen
TX102241,C0477,2026-04-10 00:00:00,194.6,4,Sports & Outdoors
TX102653,C0563,2026-04-10 00:00:00,55.79,2,Electronics
TX102693,C0575,2026-04-10 00:00:00,446.15,4,Home & Kitchen
TX103122,C0662,2026-04-10 00:00:00,477.92,8,Electronics
TX103393,C0721,2026-04-10 00:00:00,98.14,5,Beauty & Personal Care
TX103535,C0754,2026-04-10 00:00:00,190.26,7,Apparel
TX104252,C0921,2026-04-10 00:00:00,46.6,1,Home & Kitchen
TX104477,C0971,2026-04-10 00:00:00,32.23,5,Apparel
TX100165,C0044,2026-04-11 00:00:00,69.49,3,Beauty & Personal Care
TX100376,C0093,2026-04-11 00:00:00,76.02,2,Electronics
TX100769,C0172,2026-04-11 00:00:00,249.87,10,Sports & Outdoors
TX100798,C0177,2026-04-11 00:00:00,159.74,7,Books
TX101284,C0284,2026-04-11 00:00:00,72.84,1,Beauty & Personal Care
TX101715,C0379,2026-04-11 00:00:00,479.52,10,Sports & Outdoors
TX101836,C0403,2026-04-11 00:00:00,60.28,1,Apparel
TX102232,C0477,2026-04-11 00:00:00,476.37,10,Apparel
TX103053,C0649,2026-04-11 00:00:00,62.21,1,Electronics
TX103114,C0662,2026-04-11 00:00:00,326.18,7,Sports & Outdoors
TX103130,C0663,2026-04-11 00:00:00,192.74,4,Home & Kitchen
TX103552,C0758,2026-04-11 00:00:00,247.01,6,Electronics
TX103614,C0772,2026-04-11 00:00:00,42.79,1,Apparel
TX104384,C0952,2026-04-11 00:00:00,106.8,10,Electronics
TX100263,C0063,2026-04-12 00:00:00,100.37,7,Electronics
TX100322,C0074,2026-04-12 00:00:00,417.69,7,Books
TX100658,C0147,2026-04-12 00:00:00,50.51,2,Apparel
TX101038,C0233,2026-04-12 00:00:00,189.18,10,Home & Kitchen
TX101040,C0233,2026-04-12 00:00:00,236.98,7,Sports & Outdoors
TX102011,C0439,2026-04-12 00:00:00,106.15,4,Electronics
TX102876,C0608,2026-04-12 00:00:00,86.65,1,Beauty & Personal Care
TX103194,C0678,2026-04-12 00:00:00,474.32,6,Electronics
TX103368,C0715,2026-04-12 00:00:00,21.72,5,Electronics
TX103547,C0757,2026-04-12 00:00:00,72.01,2,Electronics
TX103671,C0785,2026-04-12 00:00:00,61.97,4,Electronics
TX103897,C0839,2026-04-12 00:00:00,79.33,4,Electronics
TX104244,C0918,2026-04-12 00:00:00,95.89,4,Sports & Outdoors
TX104332,C0942,2026-04-12 00:00:00,97.01,4,Books
TX104449,C0964,2026-04-12 00:00:00,269.09,3,Home & Kitchen
TX104460,C0969,2026-04-12 00:00:00,275.01,7,Apparel
TX100120,C0030,2026-04-13 00:00:00,150.49,6,Apparel
TX100141,C0036,2026-04-13 00:00:00,22.49,4,Electronics
TX100265,C0064,2026-04-13 00:00:00,76.35,2,Apparel
TX100398,C0095,2026-04-13 00:00:00,89.52,1,Home & Kitchen
TX100413,C0098,2026-04-13 00:00:00,283.73,9,Beauty & Personal Care
TX100818,C0181,2026-04-13 00:00:00,93.92,1,Apparel
TX101349,C0303,2026-04-13 00:00:00,148.79,6,Electronics
TX101581,C0350,2026-04-13 00:00:00,100.36,3,Electronics
TX101584,C0351,2026-04-13 00:00:00,62.5,1,Home & Kitchen
TX102056,C0447,2026-04-13 00:00:00,26.31,4,Apparel
TX102136,C0461,2026-04-13 00:00:00,166.2,10,Books
TX102288,C0486,2026-04-13 00:00:00,160.49,10,Home & Kitchen
TX102746,C0585,2026-04-13 00:00:00,339.47,8,Books
TX103112,C0662,2026-04-13 00:00:00,302.4,9,Apparel
TX103153,C0667,2026-04-13 00:00:00,401.0,10,Apparel
TX103462,C0738,2026-04-13 00:00:00,41.84,2,Home & Kitchen
TX103775,C0811,2026-04-13 00:00:00,21.2,3,Electronics
TX104502,C0975,2026-04-13 00:00:00,159.42,5,Electronics
TX100094,C0023,2026-04-14 00:00:00,174.84,9,Home & Kitchen
TX100201,C0051,2026-04-14 00:00:00,241.02,5,Home & Kitchen
TX100293,C0070,2026-04-14 00:00:00,160.07,4,Electronics
TX100953,C0213,2026-04-14 00:00:00,120.77,3,Electronics
TX101659,C0370,2026-04-14 00:00:00,167.07,7,Apparel
TX102385,C0505,2026-04-14 00:00:00,101.44,9,Electronics
TX102441,C0514,2026-04-14 00:00:00,222.67,4,Books
TX102618,C0551,2026-04-14 00:00:00,117.23,3,Home & Kitchen
TX102711,C0578,2026-04-14 00:00:00,107.73,9,Apparel
TX103045,C0645,2026-04-14 00:00:00,45.72,1,Books
TX103104,C0661,2026-04-14 00:00:00,442.72,4,Sports & Outdoors
TX103888,C0834,2026-04-14 00:00:00,96.49,1,Electronics
TX103956,C0854,2026-04-14 00:00:00,171.41,3,Apparel
TX104489,C0973,2026-04-14 00:00:00,242.73,8,Sports & Outdoors
TX100132,C0033,2026-04-15 00:00:00,85.66,2,Sports & Outdoors
TX100146,C0037,2026-04-15 00:00:00,46.64,3,Beauty & Personal Care
TX100631,C0145,2026-04-15 00:00:00,457.98,4,Apparel
TX100956,C0213,2026-04-15 00:00:00,240.18,8,Apparel
TX101730,C0379,2026-04-15 00:00:00,429.33,3,Beauty & Personal Care
TX102152,C0463,2026-04-15 00:00:00,398.41,8,Apparel
TX102335,C0496,2026-04-15 00:00:00,26.63,3,Sports & Outdoors
TX102524,C0533,2026-04-15 00:00:00,375.96,7,Apparel
TX103142,C0665,2026-04-15 00:00:00,114.69,6,Sports & Outdoors
TX103813,C0820,2026-04-15 00:00:00,426.54,7,Apparel
TX104101,C0887,2026-04-15 00:00:00,408.14,3,Apparel
TX100123,C0030,2026-04-16 00:00:00,242.73,3,Electronics
TX100352,C0084,2026-04-16 00:00:00,116.94,6,Apparel
TX100424,C0098,2026-04-16 00:00:00,366.88,7,Sports & Outdoors
TX100779,C0174,2026-04-16 00:00:00,60.46,4,Sports & Outdoors
TX102258,C0479,2026-04-16 00:00:00,80.66,3,Electronics
TX102290,C0486,2026-04-16 00:00:00,242.8,8,Books
TX102448,C0516,2026-04-16 00:00:00,150.99,6,Books
TX102609,C0549,2026-04-16 00:00:00,418.32,9,Beauty & Personal Care
TX103200,C0678,2026-04-16 00:00:00,222.75,3,Apparel
TX103391,C0721,2026-04-16 00:00:00,40.79,1,Electronics
TX103729,C0800,2026-04-16 00:00:00,429.24,10,Beauty & Personal Care
TX104060,C0882,2026-04-16 00:00:00,94.19,3,Electronics
TX104497,C0974,2026-04-16 00:00:00,74.42,1,Beauty & Personal Care
TX100014,C0004,2026-04-17 00:00:00,333.63,6,Home & Kitchen
TX100312,C0074,2026-04-17 00:00:00,345.0,3,Electronics
TX100394,C0095,2026-04-17 00:00:00,93.69,3,Books
TX100534,C0120,2026-04-17 00:00:00,55.45,1,Books
TX101054,C0236,2026-04-17 00:00:00,188.19,8,Apparel
TX101077,C0240,2026-04-17 00:00:00,148.52,10,Electronics
TX101334,C0297,2026-04-17 00:00:00,115.06,10,Apparel
TX101482,C0324,2026-04-17 00:00:00,72.25,5,Beauty & Personal Care
TX102182,C0468,2026-04-17 00:00:00,421.51,5,Books
TX103000,C0634,2026-04-17 00:00:00,53.85,2,Beauty & Personal Care
TX103293,C0698,2026-04-17 00:00:00,490.2,10,Apparel
TX103367,C0715,2026-04-17 00:00:00,42.64,3,Beauty & Personal Care
TX103767,C0808,2026-04-17 00:00:00,62.53,3,Apparel
TX100409,C0097,2026-04-18 00:00:00,88.36,3,Electronics
TX100881,C0196,2026-04-18 00:00:00,40.98,1,Home & Kitchen
TX101267,C0281,2026-04-18 00:00:00,34.62,1,Electronics
TX101763,C0385,2026-04-18 00:00:00,456.58,3,Sports & Outdoors
TX101807,C0394,2026-04-18 00:00:00,400.63,9,Beauty & Personal Care
TX102205,C0471,2026-04-18 00:00:00,203.15,8,Sports & Outdoors
TX102460,C0517,2026-04-18 00:00:00,54.78,2,Apparel
TX102593,C0548,2026-04-18 00:00:00,228.06,4,Beauty & Personal Care
TX103582,C0767,2026-04-18 00:00:00,161.85,6,Home & Kitchen
TX103753,C0804,2026-04-18 00:00:00,38.75,1,Electronics
TX103852,C0827,2026-04-18 00:00:00,96.05,2,Apparel
TX104022,C0872,2026-04-18 00:00:00,60.05,3,Beauty & Personal Care
TX104148,C0895,2026-04-18 00:00:00,239.54,4,Home & Kitchen
TX104183,C0903,2026-04-18 00:00:00,114.02,3,Home & Kitchen
TX104227,C0914,2026-04-18 00:00:00,196.77,10,Sports & Outdoors
TX104501,C0975,2026-04-18 00:00:00,246.63,9,Electronics
TX100281,C0068,2026-04-19 00:00:00,83.62,3,Electronics
TX100437,C0100,2026-04-19 00:00:00,496.09,10,Apparel
TX100691,C0155,2026-04-19 00:00:00,448.53,3,Apparel
TX100952,C0213,2026-04-19 00:00:00,129.08,8,Books
TX101002,C0225,2026-04-19 00:00:00,82.75,1,Electronics
TX101247,C0277,2026-04-19 00:00:00,304.67,8,Apparel
TX101309,C0289,2026-04-19 00:00:00,23.0,3,Apparel
TX101845,C0405,2026-04-19 00:00:00,95.33,2,Beauty & Personal Care
TX102077,C0451,2026-04-19 00:00:00,207.4,5,Apparel
TX103308,C0698,2026-04-19 00:00:00,291.76,9,Electronics
TX103381,C0718,2026-04-19 00:00:00,53.33,4,Beauty & Personal Care
TX104080,C0886,2026-04-19 00:00:00,149.49,4,Apparel
TX100134,C0033,2026-04-20 00:00:00,32.99,5,Beauty & Personal Care
TX100361,C0089,2026-04-20 00:00:00,69.92,4,Apparel
TX100582,C0132,2026-04-20 00:00:00,79.29,5,Home & Kitchen
TX101149,C0254,2026-04-20 00:00:00,36.57,2,Sports & Outdoors
TX101352,C0303,2026-04-20 00:00:00,67.34,3,Apparel
TX101417,C0317,2026-04-20 00:00:00,242.07,5,Sports & Outdoors
TX101541,C0339,2026-04-20 00:00:00,88.7,2,Electronics
TX101964,C0428,2026-04-20 00:00:00,137.97,6,Sports & Outdoors
TX102900,C0614,2026-04-20 00:00:00,442.7,7,Sports & Outdoors
TX102921,C0618,2026-04-20 00:00:00,59.14,3,Beauty & Personal Care
TX102959,C0623,2026-04-20 00:00:00,248.99,6,Home & Kitchen
TX103287,C0696,2026-04-20 00:00:00,488.23,8,Beauty & Personal Care
TX103430,C0729,2026-04-20 00:00:00,161.42,7,Beauty & Personal Care
TX104574,C0986,2026-04-20 00:00:00,153.83,5,Apparel
TX100264,C0063,2026-04-21 00:00:00,92.86,4,Electronics
TX100614,C0138,2026-04-21 00:00:00,301.39,9,Apparel
TX100628,C0144,2026-04-21 00:00:00,25.22,4,Apparel
TX101535,C0338,2026-04-21 00:00:00,85.22,1,Apparel
TX101554,C0342,2026-04-21 00:00:00,103.41,7,Books
TX101630,C0360,2026-04-21 00:00:00,69.48,4,Apparel
TX102301,C0488,2026-04-21 00:00:00,312.82,6,Apparel
TX102838,C0599,2026-04-21 00:00:00,475.56,9,Electronics
TX102867,C0604,2026-04-21 00:00:00,62.59,4,Home & Kitchen
TX103533,C0754,2026-04-21 00:00:00,152.04,3,Home & Kitchen
TX103937,C0849,2026-04-21 00:00:00,22.53,1,Apparel
TX100276,C0066,2026-04-22 00:00:00,78.11,5,Apparel
TX100428,C0098,2026-04-22 00:00:00,301.53,7,Electronics
TX100483,C0109,2026-04-22 00:00:00,25.09,1,Electronics
TX101397,C0313,2026-04-22 00:00:00,83.08,4,Apparel
TX101796,C0392,2026-04-22 00:00:00,86.32,3,Books
TX102502,C0526,2026-04-22 00:00:00,35.74,5,Apparel
TX102798,C0593,2026-04-22 00:00:00,405.22,3,Apparel
TX103283,C0696,2026-04-22 00:00:00,367.85,8,Books
TX103761,C0806,2026-04-22 00:00:00,211.68,3,Home & Kitchen
TX103847,C0825,2026-04-22 00:00:00,445.89,10,Beauty & Personal Care
TX103896,C0839,2026-04-22 00:00:00,149.03,3,Apparel
TX103942,C0850,2026-04-22 00:00:00,38.35,3,Apparel
TX104311,C0937,2026-04-22 00:00:00,70.94,4,Apparel
TX104362,C0948,2026-04-22 00:00:00,127.7,8,Books
TX100484,C0110,2026-04-23 00:00:00,142.04,9,Beauty & Personal Care
TX100910,C0202,2026-04-23 00:00:00,165.29,10,Beauty & Personal Care
TX101090,C0244,2026-04-23 00:00:00,68.16,5,Home & Kitchen
TX101420,C0317,2026-04-23 00:00:00,267.37,10,Home & Kitchen
TX101522,C0333,2026-04-23 00:00:00,118.34,6,Home & Kitchen
TX101705,C0376,2026-04-23 00:00:00,230.05,7,Apparel
TX101783,C0389,2026-04-23 00:00:00,48.23,5,Electronics
TX101840,C0404,2026-04-23 00:00:00,29.88,4,Beauty & Personal Care
TX102133,C0460,2026-04-23 00:00:00,67.92,3,Electronics
TX102210,C0472,2026-04-23 00:00:00,81.49,5,Beauty & Personal Care
TX102490,C0524,2026-04-23 00:00:00,89.59,1,Books
TX102888,C0613,2026-04-23 00:00:00,44.82,2,Books
TX104570,C0986,2026-04-23 00:00:00,142.52,8,Home & Kitchen
TX100118,C0030,2026-04-24 00:00:00,70.32,3,Books
TX100330,C0076,2026-04-24 00:00:00,40.19,4,Apparel
TX100758,C0172,2026-04-24 00:00:00,196.99,8,Home & Kitchen
TX101312,C0289,2026-04-24 00:00:00,111.23,3,Electronics
TX101710,C0378,2026-04-24 00:00:00,21.95,2,Electronics
TX103152,C0667,2026-04-24 00:00:00,349.92,3,Electronics
TX103953,C0854,2026-04-24 00:00:00,122.91,5,Apparel
TX104014,C0871,2026-04-24 00:00:00,38.34,4,Electronics
TX104406,C0956,2026-04-24 00:00:00,402.9,9,Books
TX100278,C0067,2026-04-25 00:00:00,45.88,5,Electronics
TX100457,C0104,2026-04-25 00:00:00,214.09,5,Apparel
TX100554,C0126,2026-04-25 00:00:00,126.24,3,Apparel
TX100689,C0155,2026-04-25 00:00:00,269.23,4,Apparel
TX100761,C0172,2026-04-25 00:00:00,269.95,6,Apparel
TX101421,C0317,2026-04-25 00:00:00,385.23,4,Books
TX101966,C0429,2026-04-25 00:00:00,108.36,10,Books
TX102675,C0571,2026-04-25 00:00:00,64.96,1,Apparel
TX103385,C0719,2026-04-25 00:00:00,90.58,5,Apparel
TX103386,C0719,2026-04-25 00:00:00,89.58,4,Apparel
TX103618,C0773,2026-04-25 00:00:00,112.62,7,Home & Kitchen
TX103742,C0800,2026-04-25 00:00:00,282.78,3,Beauty & Personal Care
TX104520,C0978,2026-04-25 00:00:00,356.38,8,Electronics
TX100007,C0002,2026-04-26 00:00:00,23.67,1,Home & Kitchen
TX100591,C0135,2026-04-26 00:00:00,47.39,1,Apparel
TX101176,C0261,2026-04-26 00:00:00,63.57,2,Electronics
TX101274,C0283,2026-04-26 00:00:00,229.71,10,Electronics
TX101627,C0360,2026-04-26 00:00:00,55.2,2,Apparel
TX101977,C0431,2026-04-26 00:00:00,76.74,2,Apparel
TX102597,C0549,2026-04-26 00:00:00,328.18,5,Apparel
TX103424,C0728,2026-04-26 00:00:00,61.39,5,Books
TX103691,C0793,2026-04-26 00:00:00,85.32,3,Books
TX104031,C0875,2026-04-26 00:00:00,248.35,4,Sports & Outdoors
TX104149,C0895,2026-04-26 00:00:00,426.42,7,Home & Kitchen
TX104208,C0911,2026-04-26 00:00:00,70.89,3,Apparel
TX100189,C0049,2026-04-27 00:00:00,37.59,1,Apparel
TX100458,C0104,2026-04-27 00:00:00,77.66,5,Apparel
TX100706,C0159,2026-04-27 00:00:00,410.1,9,Sports & Outdoors
TX101066,C0239,2026-04-27 00:00:00,129.03,4,Electronics
TX101512,C0331,2026-04-27 00:00:00,39.49,5,Apparel
TX102704,C0578,2026-04-27 00:00:00,189.5,3,Apparel
TX102736,C0583,2026-04-27 00:00:00,46.58,2,Home & Kitchen
TX103889,C0834,2026-04-27 00:00:00,27.64,4,Beauty & Personal Care
TX104069,C0884,2026-04-27 00:00:00,221.33,5,Home & Kitchen
TX104421,C0958,2026-04-27 00:00:00,113.31,10,Sports & Outdoors
TX100980,C0220,2026-04-28 00:00:00,28.32,5,Apparel
TX101731,C0379,2026-04-28 00:00:00,280.72,9,Sports & Outdoors
TX101760,C0385,2026-04-28 00:00:00,486.55,4,Apparel
TX101973,C0430,2026-04-28 00:00:00,85.22,3,Beauty & Personal Care
TX102090,C0453,2026-04-28 00:00:00,174.35,9,Apparel
TX102887,C0613,2026-04-28 00:00:00,115.25,10,Apparel
TX103191,C0678,2026-04-28 00:00:00,183.59,5,Electronics
TX104097,C0887,2026-04-28 00:00:00,443.76,4,Home & Kitchen
TX104324,C0940,2026-04-28 00:00:00,278.39,5,Apparel
TX100314,C0074,2026-04-29 00:00:00,390.47,10,Electronics
TX100346,C0082,2026-04-29 00:00:00,32.83,4,Home & Kitchen
TX101142,C0250,2026-04-29 00:00:00,158.06,5,Electronics
TX101498,C0327,2026-04-29 00:00:00,40.93,1,Books
TX102074,C0450,2026-04-29 00:00:00,44.82,4,Apparel
TX102174,C0468,2026-04-29 00:00:00,183.23,5,Home & Kitchen
TX102296,C0487,2026-04-29 00:00:00,39.87,1,Electronics
TX102496,C0525,2026-04-29 00:00:00,227.23,7,Beauty & Personal Care
TX102794,C0592,2026-04-29 00:00:00,196.57,6,Apparel
TX103214,C0681,2026-04-29 00:00:00,162.83,7,Electronics
TX103321,C0704,2026-04-29 00:00:00,16.05,3,Electronics
TX103641,C0778,2026-04-29 00:00:00,39.52,4,Electronics
TX103796,C0816,2026-04-29 00:00:00,73.04,1,Electronics
TX100155,C0041,2026-04-30 00:00:00,68.65,4,Books
TX100494,C0111,2026-04-30 00:00:00,115.98,8,Books
TX100924,C0206,2026-04-30 00:00:00,229.14,5,Apparel
TX101616,C0357,2026-04-30 00:00:00,41.06,2,Home & Kitchen
TX101925,C0422,2026-04-30 00:00:00,247.04,9,Beauty & Personal Care
TX102790,C0592,2026-04-30 00:00:00,176.13,4,Electronics
TX103054,C0650,2026-04-30 00:00:00,49.91,1,Books
TX104572,C0986,2026-04-30 00:00:00,84.18,5,Home & Kitchen
TX100107,C0026,2026-05-01 00:00:00,109.48,10,Home & Kitchen
TX101120,C0249,2026-05-01 00:00:00,37.37,3,Apparel
TX101412,C0317,2026-05-01 00:00:00,429.65,3,Apparel
TX101440,C0319,2026-05-01 00:00:00,100.87,9,Electronics
TX101692,C0376,2026-05-01 00:00:00,242.47,6,Apparel
TX101701,C0376,2026-05-01 00:00:00,474.64,6,Home & Kitchen
TX101967,C0429,2026-05-01 00:00:00,115.24,10,Apparel
TX101971,C0430,2026-05-01 00:00:00,106.24,9,Apparel
TX102215,C0474,2026-05-01 00:00:00,66.45,3,Apparel
TX102572,C0544,2026-05-01 00:00:00,116.07,9,Books
TX102669,C0569,2026-05-01 00:00:00,73.62,2,Electronics
TX103375,C0717,2026-05-01 00:00:00,57.05,4,Beauty & Personal Care
TX103514,C0750,2026-05-01 00:00:00,93.72,1,Apparel
TX103791,C0815,2026-05-01 00:00:00,190.05,3,Electronics
TX103798,C0816,2026-05-01 00:00:00,142.69,8,Electronics
TX104284,C0931,2026-05-01 00:00:00,66.02,5,Sports & Outdoors
TX104327,C0941,2026-05-01 00:00:00,39.09,5,Home & Kitchen
TX104471,C0969,2026-05-01 00:00:00,374.89,6,Electronics
TX104537,C0980,2026-05-01 00:00:00,63.17,3,Sports & Outdoors
TX104636,C0997,2026-05-01 00:00:00,83.2,5,Sports & Outdoors
TX100461,C0104,2026-05-02 00:00:00,75.04,4,Apparel
TX100903,C0200,2026-05-02 00:00:00,117.45,6,Home & Kitchen
TX101706,C0376,2026-05-02 00:00:00,279.78,7,Apparel
TX102521,C0531,2026-05-02 00:00:00,64.86,5,Home & Kitchen
TX102646,C0561,2026-05-02 00:00:00,187.56,5,Apparel
TX102825,C0599,2026-05-02 00:00:00,199.21,8,Beauty & Personal Care
TX103765,C0807,2026-05-02 00:00:00,60.15,1,Apparel
TX104219,C0912,2026-05-02 00:00:00,233.91,9,Home & Kitchen
TX104387,C0952,2026-05-02 00:00:00,21.32,3,Beauty & Personal Care
TX104412,C0957,2026-05-02 00:00:00,34.96,2,Beauty & Personal Care
TX100364,C0090,2026-05-03 00:00:00,34.77,2,Books
TX100498,C0112,2026-05-03 00:00:00,43.47,5,Electronics
TX101072,C0240,2026-05-03 00:00:00,156.13,7,Beauty & Personal Care
TX101179,C0262,2026-05-03 00:00:00,88.79,4,Apparel
TX101404,C0315,2026-05-03 00:00:00,120.53,5,Sports & Outdoors
TX101568,C0344,2026-05-03 00:00:00,57.63,4,Books
TX101700,C0376,2026-05-03 00:00:00,262.01,10,Electronics
TX101975,C0430,2026-05-03 00:00:00,108.99,9,Sports & Outdoors
TX102038,C0442,2026-05-03 00:00:00,341.07,6,Electronics
TX102239,C0477,2026-05-03 00:00:00,191.81,5,Electronics
TX102293,C0486,2026-05-03 00:00:00,83.99,1,Electronics
TX102398,C0507,2026-05-03 00:00:00,148.41,4,Apparel
TX102422,C0511,2026-05-03 00:00:00,157.96,7,Apparel
TX102500,C0525,2026-05-03 00:00:00,89.93,1,Electronics
TX102729,C0582,2026-05-03 00:00:00,218.27,8,Home & Kitchen
TX103250,C0689,2026-05-03 00:00:00,470.97,7,Apparel
TX103617,C0772,2026-05-03 00:00:00,49.05,3,Electronics
TX103911,C0842,2026-05-03 00:00:00,150.42,5,Apparel
TX100204,C0052,2026-05-04 00:00:00,93.62,2,Electronics
TX100255,C0060,2026-05-04 00:00:00,35.02,3,Electronics
TX100268,C0064,2026-05-04 00:00:00,233.74,9,Electronics
TX100619,C0139,2026-05-04 00:00:00,115.78,6,Electronics
TX101064,C0238,2026-05-04 00:00:00,163.96,4,Apparel
TX101303,C0288,2026-05-04 00:00:00,79.17,4,Electronics
TX101462,C0321,2026-05-04 00:00:00,98.51,3,Sports & Outdoors
TX101642,C0365,2026-05-04 00:00:00,118.97,5,Sports & Outdoors
TX101733,C0380,2026-05-04 00:00:00,26.71,1,Home & Kitchen
TX102944,C0620,2026-05-04 00:00:00,139.11,4,Apparel
TX103020,C0638,2026-05-04 00:00:00,26.6,5,Home & Kitchen
TX103132,C0663,2026-05-04 00:00:00,209.14,8,Beauty & Personal Care
TX103151,C0667,2026-05-04 00:00:00,487.31,3,Home & Kitchen
TX103227,C0684,2026-05-04 00:00:00,227.59,4,Electronics
TX103683,C0789,2026-05-04 00:00:00,103.91,7,Books
TX103819,C0820,2026-05-04 00:00:00,404.12,9,Apparel
TX100253,C0059,2026-05-05 00:00:00,110.02,5,Home & Kitchen
TX100332,C0077,2026-05-05 00:00:00,108.01,4,Apparel
TX100399,C0096,2026-05-05 00:00:00,99.1,2,Electronics
TX100485,C0110,2026-05-05 00:00:00,169.95,7,Electronics
TX100645,C0145,2026-05-05 00:00:00,359.92,8,Beauty & Personal Care
TX101493,C0325,2026-05-05 00:00:00,237.52,6,Electronics
TX102016,C0441,2026-05-05 00:00:00,243.47,10,Home & Kitchen
TX102027,C0442,2026-05-05 00:00:00,414.7,6,Electronics
TX102252,C0478,2026-05-05 00:00:00,352.87,9,Apparel
TX102318,C0491,2026-05-05 00:00:00,47.58,2,Electronics
TX103003,C0634,2026-05-05 00:00:00,81.48,4,Home & Kitchen
TX103113,C0662,2026-05-05 00:00:00,341.78,7,Beauty & Personal Care
TX103883,C0832,2026-05-05 00:00:00,451.88,6,Apparel
TX103894,C0837,2026-05-05 00:00:00,36.83,2,Apparel
TX104033,C0875,2026-05-05 00:00:00,454.61,9,Apparel
TX104557,C0985,2026-05-05 00:00:00,169.08,8,Electronics
TX100047,C0011,2026-05-06 00:00:00,185.21,7,Electronics
TX100274,C0066,2026-05-06 00:00:00,37.94,2,Electronics
TX100535,C0121,2026-05-06 00:00:00,49.8,1,Apparel
TX101250,C0277,2026-05-06 00:00:00,159.25,9,Electronics
TX101424,C0317,2026-05-06 00:00:00,381.4,3,Sports & Outdoors
TX101601,C0354,2026-05-06 00:00:00,373.24,4,Apparel
TX101695,C0376,2026-05-06 00:00:00,462.68,10,Apparel
TX102009,C0438,2026-05-06 00:00:00,91.91,5,Electronics
TX102457,C0517,2026-05-06 00:00:00,48.91,4,Electronics
TX102466,C0519,2026-05-06 00:00:00,71.65,3,Books
TX102656,C0565,2026-05-06 00:00:00,36.34,4,Electronics
TX102743,C0585,2026-05-06 00:00:00,452.41,9,Books
TX102835,C0599,2026-05-06 00:00:00,278.34,7,Books
TX103199,C0678,2026-05-06 00:00:00,194.29,3,Electronics
TX103342,C0710,2026-05-06 00:00:00,14.85,1,Books
TX103516,C0750,2026-05-06 00:00:00,69.3,1,Home & Kitchen
TX104075,C0885,2026-05-06 00:00:00,146.34,9,Electronics
TX104390,C0954,2026-05-06 00:00:00,84.02,2,Home & Kitchen
TX104576,C0986,2026-05-06 00:00:00,240.67,6,Apparel
TX104630,C0995,2026-05-06 00:00:00,105.11,7,Apparel
TX100043,C0011,2026-05-07 00:00:00,225.64,5,Electronics
TX100133,C0033,2026-05-07 00:00:00,32.18,1,Electronics
TX100524,C0117,2026-05-07 00:00:00,94.27,3,Electronics
TX100840,C0189,2026-05-07 00:00:00,70.24,1,Apparel
TX101041,C0233,2026-05-07 00:00:00,131.74,5,Books
TX101055,C0236,2026-05-07 00:00:00,155.68,5,Electronics
TX101602,C0354,2026-05-07 00:00:00,177.57,7,Apparel
TX101624,C0359,2026-05-07 00:00:00,33.17,5,Sports & Outdoors
TX101638,C0364,2026-05-07 00:00:00,75.21,2,Beauty & Personal Care
TX101657,C0369,2026-05-07 00:00:00,192.92,7,Home & Kitchen
TX101794,C0392,2026-05-07 00:00:00,112.39,8,Sports & Outdoors
TX101878,C0415,2026-05-07 00:00:00,338.44,7,Apparel
TX101957,C0428,2026-05-07 00:00:00,238.07,9,Apparel
TX102228,C0477,2026-05-07 00:00:00,221.56,10,Home & Kitchen
TX102557,C0538,2026-05-07 00:00:00,47.98,3,Apparel
TX102973,C0625,2026-05-07 00:00:00,205.92,6,Electronics
TX103585,C0767,2026-05-07 00:00:00,86.59,3,Electronics
TX103793,C0815,2026-05-07 00:00:00,158.24,4,Electronics
TX103818,C0820,2026-05-07 00:00:00,452.43,6,Apparel
TX100114,C0029,2026-05-08 00:00:00,223.78,8,Sports & Outdoors
TX100555,C0126,2026-05-08 00:00:00,118.84,10,Beauty & Personal Care
TX100823,C0182,2026-05-08 00:00:00,115.51,10,Home & Kitchen
TX101256,C0278,2026-05-08 00:00:00,30.7,5,Electronics
TX101446,C0320,2026-05-08 00:00:00,122.64,3,Sports & Outdoors
TX101669,C0371,2026-05-08 00:00:00,230.46,3,Home & Kitchen
TX101854,C0410,2026-05-08 00:00:00,105.22,5,Books
TX102414,C0510,2026-05-08 00:00:00,96.61,5,Electronics
TX102474,C0520,2026-05-08 00:00:00,187.27,8,Electronics
TX102707,C0578,2026-05-08 00:00:00,203.56,9,Apparel
TX103538,C0754,2026-05-08 00:00:00,106.08,10,Apparel
TX103598,C0769,2026-05-08 00:00:00,332.41,5,Apparel
TX103769,C0808,2026-05-08 00:00:00,71.5,2,Electronics
TX103967,C0858,2026-05-08 00:00:00,232.11,8,Apparel
TX104361,C0948,2026-05-08 00:00:00,136.15,3,Electronics
TX104558,C0985,2026-05-08 00:00:00,308.84,10,Home & Kitchen
TX100453,C0103,2026-05-09 00:00:00,100.11,7,Beauty & Personal Care
TX100604,C0138,2026-05-09 00:00:00,217.03,7,Beauty & Personal Care
TX101691,C0376,2026-05-09 00:00:00,327.55,7,Sports & Outdoors
TX101792,C0391,2026-05-09 00:00:00,137.07,6,Apparel
TX102187,C0468,2026-05-09 00:00:00,157.19,8,Home & Kitchen
TX102269,C0481,2026-05-09 00:00:00,129.27,6,Electronics
TX102401,C0507,2026-05-09 00:00:00,239.54,3,Beauty & Personal Care
TX102821,C0597,2026-05-09 00:00:00,40.84,1,Home & Kitchen
TX102971,C0625,2026-05-09 00:00:00,119.8,8,Apparel
TX104079,C0886,2026-05-09 00:00:00,182.48,6,Electronics
TX104357,C0948,2026-05-09 00:00:00,96.63,5,Electronics
TX104514,C0977,2026-05-09 00:00:00,68.11,2,Apparel
TX100414,C0098,2026-05-10 00:00:00,225.45,7,Books
TX100700,C0157,2026-05-10 00:00:00,77.72,1,Home & Kitchen
TX100771,C0172,2026-05-10 00:00:00,289.39,5,Apparel
TX101192,C0266,2026-05-10 00:00:00,106.79,6,Books
TX101678,C0373,2026-05-10 00:00:00,105.75,6,Home & Kitchen
TX101934,C0423,2026-05-10 00:00:00,72.64,5,Apparel
TX102796,C0592,2026-05-10 00:00:00,106.18,5,Electronics
TX103520,C0751,2026-05-10 00:00:00,82.19,5,Home & Kitchen
TX103681,C0788,2026-05-10 00:00:00,32.33,3,Beauty & Personal Care
TX104128,C0894,2026-05-10 00:00:00,380.92,8,Sports & Outdoors
TX104486,C0973,2026-05-10 00:00:00,114.68,5,Home & Kitchen
TX100937,C0208,2026-05-11 00:00:00,33.14,1,Books
TX101260,C0279,2026-05-11 00:00:00,33.64,2,Apparel
TX101571,C0345,2026-05-11 00:00:00,107.27,9,Apparel
TX101746,C0383,2026-05-11 00:00:00,174.37,3,Books
TX101838,C0404,2026-05-11 00:00:00,101.32,9,Home & Kitchen
TX102030,C0442,2026-05-11 00:00:00,407.41,3,Home & Kitchen
TX102139,C0461,2026-05-11 00:00:00,91.14,3,Books
TX102208,C0471,2026-05-11 00:00:00,198.03,8,Apparel
TX102213,C0473,2026-05-11 00:00:00,26.63,1,Books
TX102545,C0536,2026-05-11 00:00:00,46.78,2,Home & Kitchen
TX102645,C0561,2026-05-11 00:00:00,228.23,9,Books
TX102947,C0621,2026-05-11 00:00:00,83.05,5,Apparel
TX104099,C0887,2026-05-11 00:00:00,203.87,8,Sports & Outdoors
TX104359,C0948,2026-05-11 00:00:00,212.76,3,Beauty & Personal Care
TX104417,C0958,2026-05-11 00:00:00,65.13,2,Beauty & Personal Care
TX104518,C0978,2026-05-11 00:00:00,252.34,6,Electronics
TX100636,C0145,2026-05-12 00:00:00,403.62,10,Electronics
TX100928,C0206,2026-05-12 00:00:00,131.12,8,Apparel
TX101586,C0352,2026-05-12 00:00:00,117.18,4,Books
TX101885,C0415,2026-05-12 00:00:00,181.19,9,Home & Kitchen
TX102168,C0466,2026-05-12 00:00:00,78.62,5,Home & Kitchen
TX102682,C0574,2026-05-12 00:00:00,107.35,8,Electronics
TX103096,C0661,2026-05-12 00:00:00,168.63,5,Electronics
TX103443,C0734,2026-05-12 00:00:00,94.54,1,Apparel
TX103529,C0753,2026-05-12 00:00:00,82.83,1,Books
TX103898,C0839,2026-05-12 00:00:00,148.13,8,Apparel
TX104043,C0875,2026-05-12 00:00:00,314.45,9,Apparel
TX104427,C0961,2026-05-12 00:00:00,70.99,5,Books
TX104503,C0975,2026-05-12 00:00:00,171.93,7,Beauty & Personal Care
TX100551,C0125,2026-05-13 00:00:00,22.8,2,Electronics
TX100984,C0221,2026-05-13 00:00:00,85.73,5,Electronics
TX101949,C0425,2026-05-13 00:00:00,26.94,2,Home & Kitchen
TX102831,C0599,2026-05-13 00:00:00,358.67,5,Books
TX103477,C0740,2026-05-13 00:00:00,109.81,3,Apparel
TX103550,C0758,2026-05-13 00:00:00,164.7,10,Apparel
TX104098,C0887,2026-05-13 00:00:00,435.74,5,Apparel
TX104218,C0912,2026-05-13 00:00:00,206.1,3,Electronics
TX104233,C0914,2026-05-13 00:00:00,124.32,3,Apparel
TX104302,C0934,2026-05-13 00:00:00,111.84,5,Electronics
TX104492,C0973,2026-05-13 00:00:00,147.34,9,Sports & Outdoors
TX100068,C0017,2026-05-14 00:00:00,73.48,3,Apparel
TX100358,C0086,2026-05-14 00:00:00,66.29,4,Home & Kitchen
TX100969,C0216,2026-05-14 00:00:00,71.55,2,Books
TX101747,C0383,2026-05-14 00:00:00,126.22,4,Apparel
TX102212,C0472,2026-05-14 00:00:00,48.76,1,Apparel
TX102254,C0478,2026-05-14 00:00:00,304.88,9,Beauty & Personal Care
TX102516,C0529,2026-05-14 00:00:00,92.09,5,Electronics
TX102864,C0604,2026-05-14 00:00:00,50.02,4,Electronics
TX103743,C0800,2026-05-14 00:00:00,333.93,7,Apparel
TX104062,C0882,2026-05-14 00:00:00,80.34,1,Home & Kitchen
TX100859,C0191,2026-05-15 00:00:00,402.89,6,Electronics
TX100932,C0207,2026-05-15 00:00:00,39.85,2,Apparel
TX101048,C0236,2026-05-15 00:00:00,232.84,6,Home & Kitchen
TX101793,C0392,2026-05-15 00:00:00,63.99,3,Home & Kitchen
TX102243,C0477,2026-05-15 00:00:00,491.89,7,Apparel
TX102661,C0566,2026-05-15 00:00:00,24.92,2,Beauty & Personal Care
TX102826,C0599,2026-05-15 00:00:00,382.72,5,Electronics
TX103166,C0670,2026-05-15 00:00:00,45.33,1,Electronics
TX103360,C0714,2026-05-15 00:00:00,367.27,8,Home & Kitchen
TX103419,C0726,2026-05-15 00:00:00,207.07,5,Home & Kitchen
TX103764,C0806,2026-05-15 00:00:00,98.29,4,Books
TX104108,C0889,2026-05-15 00:00:00,64.96,4,Home & Kitchen
TX104322,C0940,2026-05-15 00:00:00,397.82,3,Electronics
TX104642,C0998,2026-05-15 00:00:00,93.35,4,Books
TX100459,C0104,2026-05-16 00:00:00,188.52,5,Sports & Outdoors
TX100863,C0192,2026-05-16 00:00:00,132.6,10,Apparel
TX101560,C0343,2026-05-16 00:00:00,413.15,5,Home & Kitchen
TX101604,C0354,2026-05-16 00:00:00,459.02,9,Sports & Outdoors
TX101623,C0359,2026-05-16 00:00:00,94.41,2,Apparel
TX102225,C0476,2026-05-16 00:00:00,47.85,5,Apparel
TX102292,C0486,2026-05-16 00:00:00,238.01,5,Apparel
TX102665,C0567,2026-05-16 00:00:00,45.01,1,Apparel
TX102684,C0574,2026-05-16 00:00:00,46.49,5,Electronics
TX102913,C0616,2026-05-16 00:00:00,77.86,4,Home & Kitchen
TX104221,C0913,2026-05-16 00:00:00,89.92,3,Electronics
TX100122,C0030,2026-05-17 00:00:00,62.25,4,Apparel
TX100587,C0133,2026-05-17 00:00:00,116.11,7,Home & Kitchen
TX101252,C0277,2026-05-17 00:00:00,329.27,5,Home & Kitchen
TX101342,C0301,2026-05-17 00:00:00,73.25,3,Electronics
TX101408,C0315,2026-05-17 00:00:00,102.49,5,Apparel
TX101463,C0321,2026-05-17 00:00:00,131.55,9,Electronics
TX102105,C0454,2026-05-17 00:00:00,175.45,8,Electronics
TX102832,C0599,2026-05-17 00:00:00,323.8,3,Books
TX103048,C0646,2026-05-17 00:00:00,103.21,4,Electronics
TX104411,C0957,2026-05-17 00:00:00,112.33,4,Apparel
TX104504,C0975,2026-05-17 00:00:00,302.0,7,Electronics
TX100403,C0097,2026-05-18 00:00:00,145.78,5,Apparel
TX100601,C0138,2026-05-18 00:00:00,439.61,8,Apparel
TX101219,C0272,2026-05-18 00:00:00,21.36,3,Apparel
TX101286,C0284,2026-05-18 00:00:00,121.5,6,Sports & Outdoors
TX101769,C0385,2026-05-18 00:00:00,210.35,5,Books
TX101875,C0415,2026-05-18 00:00:00,172.89,7,Home & Kitchen
TX102407,C0509,2026-05-18 00:00:00,181.12,4,Sports & Outdoors
TX103467,C0739,2026-05-18 00:00:00,45.92,5,Electronics
TX104103,C0887,2026-05-18 00:00:00,252.18,3,Electronics
TX104414,C0958,2026-05-18 00:00:00,218.84,9,Sports & Outdoors
TX104569,C0986,2026-05-18 00:00:00,207.72,7,Sports & Outdoors
TX100784,C0175,2026-05-19 00:00:00,83.5,3,Home & Kitchen
TX100987,C0222,2026-05-19 00:00:00,82.98,4,Electronics
TX101061,C0238,2026-05-19 00:00:00,115.26,9,Electronics
TX101254,C0278,2026-05-19 00:00:00,20.6,5,Apparel
TX101999,C0437,2026-05-19 00:00:00,248.42,8,Beauty & Personal Care
TX102608,C0549,2026-05-19 00:00:00,497.16,5,Apparel
TX102785,C0591,2026-05-19 00:00:00,184.13,6,Books
TX102828,C0599,2026-05-19 00:00:00,217.78,8,Sports & Outdoors
TX102842,C0599,2026-05-19 00:00:00,157.83,6,Electronics
TX103059,C0651,2026-05-19 00:00:00,39.38,2,Apparel
TX103478,C0741,2026-05-19 00:00:00,33.36,1,Electronics
TX103716,C0796,2026-05-19 00:00:00,41.62,4,Electronics
TX103849,C0826,2026-05-19 00:00:00,54.07,3,Apparel
TX104109,C0890,2026-05-19 00:00:00,101.95,10,Electronics
TX104178,C0901,2026-05-19 00:00:00,116.45,5,Apparel
TX100207,C0054,2026-05-20 00:00:00,23.36,5,Apparel
TX100455,C0103,2026-05-20 00:00:00,39.99,4,Beauty & Personal Care
TX100777,C0173,2026-05-20 00:00:00,151.36,8,Electronics
TX101661,C0370,2026-05-20 00:00:00,187.92,5,Books
TX102179,C0468,2026-05-20 00:00:00,252.69,5,Electronics
TX102473,C0520,2026-05-20 00:00:00,107.72,7,Home & Kitchen
TX103090,C0659,2026-05-20 00:00:00,112.42,8,Electronics
TX103562,C0759,2026-05-20 00:00:00,23.49,1,Home & Kitchen
TX103690,C0793,2026-05-20 00:00:00,244.17,5,Apparel
TX104289,C0932,2026-05-20 00:00:00,242.35,10,Apparel
TX104318,C0940,2026-05-20 00:00:00,305.03,6,Home & Kitchen
TX104562,C0985,2026-05-20 00:00:00,182.24,5,Sports & Outdoors
TX100309,C0074,2026-05-21 00:00:00,493.46,9,Electronics
TX100349,C0083,2026-05-21 00:00:00,77.04,3,Home & Kitchen
TX100362,C0089,2026-05-21 00:00:00,73.27,5,Beauty & Personal Care
TX100397,C0095,2026-05-21 00:00:00,92.92,5,Books
TX100507,C0114,2026-05-21 00:00:00,12.94,1,Electronics
TX100629,C0144,2026-05-21 00:00:00,95.2,2,Beauty & Personal Care
TX100686,C0155,2026-05-21 00:00:00,496.25,5,Beauty & Personal Care
TX100763,C0172,2026-05-21 00:00:00,332.52,5,Apparel
TX101112,C0247,2026-05-21 00:00:00,488.67,10,Apparel
TX101293,C0285,2026-05-21 00:00:00,169.02,6,Electronics
TX101304,C0288,2026-05-21 00:00:00,64.28,3,Sports & Outdoors
TX101553,C0342,2026-05-21 00:00:00,77.6,4,Books
TX101926,C0422,2026-05-21 00:00:00,234.34,9,Electronics
TX102007,C0438,2026-05-21 00:00:00,53.56,5,Beauty & Personal Care
TX102118,C0455,2026-05-21 00:00:00,114.22,6,Electronics
TX102200,C0470,2026-05-21 00:00:00,224.75,10,Apparel
TX102313,C0490,2026-05-21 00:00:00,95.85,4,Books
TX102756,C0587,2026-05-21 00:00:00,344.44,5,Home & Kitchen
TX103235,C0686,2026-05-21 00:00:00,53.88,2,Beauty & Personal Care
TX103345,C0712,2026-05-21 00:00:00,116.82,10,Apparel
TX103468,C0739,2026-05-21 00:00:00,75.12,1,Electronics
TX104157,C0896,2026-05-21 00:00:00,116.78,5,Electronics
TX104373,C0949,2026-05-21 00:00:00,237.26,3,Electronics
TX104639,C0998,2026-05-21 00:00:00,101.38,3,Apparel
TX100404,C0097,2026-05-22 00:00:00,211.91,6,Electronics
TX100418,C0098,2026-05-22 00:00:00,310.36,3,Apparel
TX100709,C0159,2026-05-22 00:00:00,478.7,6,Apparel
TX100713,C0159,2026-05-22 00:00:00,163.68,4,Apparel
TX100751,C0170,2026-05-22 00:00:00,111.21,10,Apparel
TX102123,C0457,2026-05-22 00:00:00,85.36,3,Books
TX102526,C0533,2026-05-22 00:00:00,339.0,7,Apparel
TX102885,C0613,2026-05-22 00:00:00,80.3,3,Electronics
TX102886,C0613,2026-05-22 00:00:00,115.55,5,Electronics
TX103065,C0653,2026-05-22 00:00:00,94.32,4,Beauty & Personal Care
TX103213,C0681,2026-05-22 00:00:00,65.54,2,Beauty & Personal Care
TX104447,C0964,2026-05-22 00:00:00,304.79,4,Books
TX100218,C0055,2026-05-23 00:00:00,339.85,6,Books
TX100480,C0109,2026-05-23 00:00:00,22.18,2,Beauty & Personal Care
TX100688,C0155,2026-05-23 00:00:00,355.45,10,Books
TX100699,C0157,2026-05-23 00:00:00,168.21,10,Home & Kitchen
TX100930,C0206,2026-05-23 00:00:00,184.69,10,Electronics
TX101555,C0342,2026-05-23 00:00:00,53.79,4,Apparel
TX102117,C0455,2026-05-23 00:00:00,203.23,10,Apparel
TX103078,C0656,2026-05-23 00:00:00,46.64,2,Electronics
TX103147,C0665,2026-05-23 00:00:00,116.98,4,Sports & Outdoors
TX103563,C0760,2026-05-23 00:00:00,36.07,1,Electronics
TX104430,C0961,2026-05-23 00:00:00,40.54,1,Beauty & Personal Care
TX104437,C0964,2026-05-23 00:00:00,152.46,9,Apparel
TX100337,C0080,2026-05-24 00:00:00,76.23,2,Apparel
TX100469,C0107,2026-05-24 00:00:00,178.52,7,Apparel
TX100547,C0124,2026-05-24 00:00:00,67.34,2,Sports & Outdoors
TX101056,C0237,2026-05-24 00:00:00,78.64,1,Apparel
TX101425,C0317,2026-05-24 00:00:00,152.79,5,Home & Kitchen
TX101529,C0335,2026-05-24 00:00:00,31.77,4,Home & Kitchen
TX101647,C0367,2026-05-24 00:00:00,182.95,3,Apparel
TX103234,C0686,2026-05-24 00:00:00,88.27,3,Electronics
TX103415,C0726,2026-05-24 00:00:00,353.6,7,Beauty & Personal Care
TX103970,C0858,2026-05-24 00:00:00,170.37,7,Home & Kitchen
TX104567,C0985,2026-05-24 00:00:00,497.42,6,Electronics
TX100062,C0016,2026-05-25 00:00:00,45.81,3,Apparel
TX100642,C0145,2026-05-25 00:00:00,436.71,3,Apparel
TX101382,C0309,2026-05-25 00:00:00,199.23,9,Apparel
TX101495,C0326,2026-05-25 00:00:00,30.23,5,Home & Kitchen
TX101687,C0375,2026-05-25 00:00:00,106.11,4,Books
TX102359,C0499,2026-05-25 00:00:00,226.28,5,Electronics
TX102654,C0563,2026-05-25 00:00:00,30.87,5,Sports & Outdoors
TX102839,C0599,2026-05-25 00:00:00,206.68,6,Home & Kitchen
TX103289,C0696,2026-05-25 00:00:00,229.39,6,Beauty & Personal Care
TX103473,C0740,2026-05-25 00:00:00,202.34,4,Books
TX103682,C0789,2026-05-25 00:00:00,100.6,4,Books
TX103851,C0826,2026-05-25 00:00:00,72.26,1,Apparel
TX104505,C0975,2026-05-25 00:00:00,434.74,4,Apparel
TX100835,C0187,2026-05-26 00:00:00,120.73,8,Books
TX100865,C0192,2026-05-26 00:00:00,232.61,6,Electronics
TX100994,C0223,2026-05-26 00:00:00,79.04,5,Electronics
TX101008,C0226,2026-05-26 00:00:00,53.37,3,Sports & Outdoors
TX101028,C0231,2026-05-26 00:00:00,193.75,9,Books
TX101029,C0231,2026-05-26 00:00:00,243.33,8,Electronics
TX101837,C0404,2026-05-26 00:00:00,77.33,5,Electronics
TX102085,C0452,2026-05-26 00:00:00,113.75,3,Beauty & Personal Care
TX102199,C0470,2026-05-26 00:00:00,197.97,6,Beauty & Personal Care
TX102298,C0487,2026-05-26 00:00:00,99.05,2,Home & Kitchen
TX102559,C0539,2026-05-26 00:00:00,89.74,5,Electronics
TX103058,C0650,2026-05-26 00:00:00,24.2,5,Electronics
TX103116,C0662,2026-05-26 00:00:00,489.17,7,Apparel
TX104120,C0893,2026-05-26 00:00:00,207.2,4,Apparel
TX104338,C0944,2026-05-26 00:00:00,116.35,5,Electronics
TX100432,C0099,2026-05-27 00:00:00,109.27,8,Books
TX100830,C0185,2026-05-27 00:00:00,116.62,9,Beauty & Personal Care
TX100862,C0192,2026-05-27 00:00:00,185.12,10,Beauty & Personal Care
TX100873,C0193,2026-05-27 00:00:00,89.52,1,Home & Kitchen
TX101004,C0225,2026-05-27 00:00:00,34.18,2,Electronics
TX101515,C0331,2026-05-27 00:00:00,67.87,1,Sports & Outdoors
TX101938,C0423,2026-05-27 00:00:00,220.83,6,Electronics
TX102552,C0537,2026-05-27 00:00:00,134.08,8,Sports & Outdoors
TX102564,C0541,2026-05-27 00:00:00,51.51,1,Apparel
TX102668,C0569,2026-05-27 00:00:00,29.23,4,Beauty & Personal Care
TX103042,C0643,2026-05-27 00:00:00,28.36,3,Electronics
TX103201,C0678,2026-05-27 00:00:00,393.56,6,Beauty & Personal Care
TX103454,C0736,2026-05-27 00:00:00,62.71,2,Electronics
TX104401,C0956,2026-05-27 00:00:00,408.23,5,Electronics
TX104466,C0969,2026-05-27 00:00:00,353.8,10,Apparel
TX100317,C0074,2026-05-28 00:00:00,212.75,10,Home & Kitchen
TX100425,C0098,2026-05-28 00:00:00,279.82,3,Home & Kitchen
TX100607,C0138,2026-05-28 00:00:00,188.83,7,Home & Kitchen
TX100923,C0206,2026-05-28 00:00:00,122.42,8,Electronics
TX101125,C0250,2026-05-28 00:00:00,203.57,4,Home & Kitchen
TX101153,C0255,2026-05-28 00:00:00,101.93,10,Electronics
TX101688,C0375,2026-05-28 00:00:00,97.74,2,Home & Kitchen
TX101709,C0378,2026-05-28 00:00:00,55.36,2,Sports & Outdoors
TX101802,C0393,2026-05-28 00:00:00,97.03,2,Books
TX102162,C0465,2026-05-28 00:00:00,239.53,9,Electronics
TX103024,C0639,2026-05-28 00:00:00,71.25,3,Beauty & Personal Care
TX103257,C0689,2026-05-28 00:00:00,483.78,6,Electronics
TX103440,C0733,2026-05-28 00:00:00,37.82,3,Books
TX103960,C0855,2026-05-28 00:00:00,91.49,1,Home & Kitchen
TX104303,C0934,2026-05-28 00:00:00,106.75,5,Electronics
TX104445,C0964,2026-05-28 00:00:00,364.96,6,Sports & Outdoors
TX104508,C0975,2026-05-28 00:00:00,462.77,8,Apparel
TX100825,C0183,2026-05-29 00:00:00,22.92,3,Beauty & Personal Care
TX101492,C0325,2026-05-29 00:00:00,171.05,7,Apparel
TX101673,C0371,2026-05-29 00:00:00,230.65,6,Apparel
TX101690,C0376,2026-05-29 00:00:00,360.47,10,Home & Kitchen
TX102113,C0455,2026-05-29 00:00:00,103.66,7,Electronics
TX102759,C0587,2026-05-29 00:00:00,401.78,7,Home & Kitchen
TX102990,C0631,2026-05-29 00:00:00,109.73,7,Apparel
TX103548,C0757,2026-05-29 00:00:00,77.31,2,Beauty & Personal Care
TX103655,C0782,2026-05-29 00:00:00,241.57,10,Home & Kitchen
TX103804,C0819,2026-05-29 00:00:00,104.53,7,Electronics
TX104161,C0897,2026-05-29 00:00:00,240.24,9,Electronics
TX100344,C0081,2026-05-30 00:00:00,51.21,1,Beauty & Personal Care
TX100354,C0084,2026-05-30 00:00:00,41.41,3,Electronics
TX100436,C0100,2026-05-30 00:00:00,190.61,10,Electronics
TX100752,C0170,2026-05-30 00:00:00,94.18,5,Home & Kitchen
TX101132,C0250,2026-05-30 00:00:00,192.94,5,Apparel
TX101477,C0323,2026-05-30 00:00:00,394.74,9,Electronics
TX101708,C0378,2026-05-30 00:00:00,20.57,4,Electronics
TX101848,C0407,2026-05-30 00:00:00,29.04,4,Apparel
TX101857,C0411,2026-05-30 00:00:00,102.61,6,Apparel
TX102250,C0478,2026-05-30 00:00:00,363.36,5,Beauty & Personal Care
TX102491,C0524,2026-05-30 00:00:00,77.17,3,Electronics
TX102815,C0595,2026-05-30 00:00:00,61.01,2,Electronics
TX102951,C0622,2026-05-30 00:00:00,122.03,5,Beauty & Personal Care
TX103072,C0654,2026-05-30 00:00:00,49.08,1,Home & Kitchen
TX103138,C0664,2026-05-30 00:00:00,396.46,5,Apparel
TX103546,C0757,2026-05-30 00:00:00,37.91,5,Beauty & Personal Care
TX100183,C0048,2026-05-31 00:00:00,70.75,4,Books
TX100434,C0099,2026-05-31 00:00:00,25.32,2,Electronics
TX100641,C0145,2026-05-31 00:00:00,355.25,5,Electronics
TX101454,C0321,2026-05-31 00:00:00,68.03,3,Apparel
TX102393,C0506,2026-05-31 00:00:00,40.41,2,Apparel
TX102859,C0602,2026-05-31 00:00:00,160.67,4,Sports & Outdoors
TX103413,C0726,2026-05-31 00:00:00,169.83,7,Home & Kitchen
TX103773,C0811,2026-05-31 00:00:00,77.33,3,Electronics
TX103868,C0831,2026-05-31 00:00:00,191.12,6,Home & Kitchen
TX104067,C0883,2026-05-31 00:00:00,92.77,1,Apparel
TX104089,C0887,2026-05-31 00:00:00,262.93,3,Beauty & Personal Care
TX104090,C0887,2026-05-31 00:00:00,255.94,5,Electronics
TX104435,C0964,2026-05-31 00:00:00,375.25,4,Apparel
TX100082,C0021,2026-06-01 00:00:00,91.78,3,Sports & Outdoors
TX100514,C0116,2026-06-01 00:00:00,195.89,9,Apparel
TX101140,C0250,2026-06-01 00:00:00,341.27,5,Apparel
TX101277,C0284,2026-06-01 00:00:00,100.05,9,Apparel
TX101683,C0374,2026-06-01 00:00:00,227.51,3,Apparel
TX101744,C0383,2026-06-01 00:00:00,235.82,5,Electronics
TX102126,C0458,2026-06-01 00:00:00,37.46,1,Electronics
TX102324,C0493,2026-06-01 00:00:00,214.22,8,Home & Kitchen
TX102454,C0516,2026-06-01 00:00:00,450.34,6,Apparel
TX102650,C0562,2026-06-01 00:00:00,46.35,4,Sports & Outdoors
TX103545,C0757,2026-06-01 00:00:00,80.18,1,Electronics
TX103738,C0800,2026-06-01 00:00:00,353.5,4,Electronics
TX103815,C0820,2026-06-01 00:00:00,155.27,9,Sports & Outdoors
TX104019,C0872,2026-06-01 00:00:00,93.25,1,Books
TX104116,C0892,2026-06-01 00:00:00,31.39,5,Home & Kitchen
TX104151,C0895,2026-06-01 00:00:00,341.37,4,Apparel
TX104313,C0938,2026-06-01 00:00:00,98.86,2,Electronics
TX100147,C0038,2026-06-02 00:00:00,59.53,4,Apparel
TX100520,C0117,2026-06-02 00:00:00,36.43,1,Apparel
TX101117,C0247,2026-06-02 00:00:00,444.27,8,Apparel
TX101340,C0301,2026-06-02 00:00:00,21.88,4,Apparel
TX101712,C0378,2026-06-02 00:00:00,99.09,3,Home & Kitchen
TX101932,C0422,2026-06-02 00:00:00,67.94,4,Electronics
TX102033,C0442,2026-06-02 00:00:00,177.98,10,Electronics
TX102573,C0544,2026-06-02 00:00:00,109.18,3,Beauty & Personal Care
TX103129,C0663,2026-06-02 00:00:00,234.68,8,Beauty & Personal Care
TX103144,C0665,2026-06-02 00:00:00,82.52,3,Apparel
TX103421,C0727,2026-06-02 00:00:00,107.87,9,Beauty & Personal Care
TX104110,C0890,2026-06-02 00:00:00,45.85,5,Apparel
TX104399,C0956,2026-06-02 00:00:00,311.1,8,Sports & Outdoors
TX100559,C0126,2026-06-03 00:00:00,186.26,9,Apparel
TX100931,C0207,2026-06-03 00:00:00,63.4,3,Beauty & Personal Care
TX101202,C0269,2026-06-03 00:00:00,331.52,4,Home & Kitchen
TX101509,C0330,2026-06-03 00:00:00,105.54,8,Books
TX102390,C0506,2026-06-03 00:00:00,27.97,2,Sports & Outdoors
TX102985,C0629,2026-06-03 00:00:00,101.53,7,Apparel
TX103186,C0677,2026-06-03 00:00:00,119.24,8,Beauty & Personal Care
TX103237,C0687,2026-06-03 00:00:00,25.76,5,Electronics
TX103265,C0691,2026-06-03 00:00:00,48.09,2,Electronics
TX104482,C0972,2026-06-03 00:00:00,27.18,3,Beauty & Personal Care
TX100927,C0206,2026-06-04 00:00:00,61.31,3,Electronics
TX101147,C0254,2026-06-04 00:00:00,112.23,7,Electronics
TX102042,C0443,2026-06-04 00:00:00,58.56,1,Beauty & Personal Care
TX102070,C0449,2026-06-04 00:00:00,68.26,2,Books
TX102234,C0477,2026-06-04 00:00:00,434.59,9,Electronics
TX103483,C0742,2026-06-04 00:00:00,94.54,5,Apparel
TX103636,C0776,2026-06-04 00:00:00,66.8,1,Apparel
TX104288,C0932,2026-06-04 00:00:00,232.27,8,Books
TX104398,C0956,2026-06-04 00:00:00,382.75,10,Apparel
TX100781,C0174,2026-06-05 00:00:00,27.12,1,Sports & Outdoors
TX100962,C0214,2026-06-05 00:00:00,112.55,4,Sports & Outdoors
TX101718,C0379,2026-06-05 00:00:00,281.26,4,Electronics
TX102889,C0613,2026-06-05 00:00:00,38.3,5,Home & Kitchen
TX103353,C0714,2026-06-05 00:00:00,299.32,5,Sports & Outdoors
TX103501,C0747,2026-06-05 00:00:00,213.96,5,Home & Kitchen
TX103581,C0766,2026-06-05 00:00:00,34.32,4,Apparel
TX104534,C0979,2026-06-05 00:00:00,39.79,1,Apparel
TX100171,C0045,2026-06-06 00:00:00,37.34,1,Electronics
TX101403,C0315,2026-06-06 00:00:00,230.49,9,Apparel
TX101434,C0318,2026-06-06 00:00:00,359.24,10,Apparel
TX102792,C0592,2026-06-06 00:00:00,93.12,1,Electronics
TX102909,C0615,2026-06-06 00:00:00,76.34,3,Home & Kitchen
TX103783,C0814,2026-06-06 00:00:00,54.67,1,Apparel
TX104269,C0926,2026-06-06 00:00:00,81.65,1,Apparel
TX100681,C0155,2026-06-07 00:00:00,220.11,6,Home & Kitchen
TX101093,C0244,2026-06-07 00:00:00,39.86,5,Home & Kitchen
TX101298,C0287,2026-06-07 00:00:00,76.83,1,Apparel
TX101631,C0360,2026-06-07 00:00:00,35.7,2,Apparel
TX101739,C0381,2026-06-07 00:00:00,53.98,5,Books
TX102135,C0461,2026-06-07 00:00:00,68.38,5,Beauty & Personal Care
TX103182,C0676,2026-06-07 00:00:00,63.65,5,Apparel
TX103270,C0693,2026-06-07 00:00:00,47.03,3,Beauty & Personal Care
TX100018,C0004,2026-06-08 00:00:00,346.92,10,Apparel
TX100355,C0084,2026-06-08 00:00:00,60.2,2,Home & Kitchen
TX100420,C0098,2026-06-08 00:00:00,284.22,9,Books
TX100810,C0178,2026-06-08 00:00:00,267.79,8,Sports & Outdoors
TX100905,C0201,2026-06-08 00:00:00,66.87,3,Apparel
TX101035,C0233,2026-06-08 00:00:00,192.1,7,Electronics
TX101209,C0269,2026-06-08 00:00:00,467.72,10,Books
TX101361,C0307,2026-06-08 00:00:00,379.59,6,Electronics
TX101401,C0314,2026-06-08 00:00:00,37.67,5,Apparel
TX101823,C0398,2026-06-08 00:00:00,62.59,2,Beauty & Personal Care
TX101872,C0415,2026-06-08 00:00:00,172.63,5,Electronics
TX102461,C0518,2026-06-08 00:00:00,67.68,4,Apparel
TX102647,C0561,2026-06-08 00:00:00,211.75,10,Books
TX102698,C0575,2026-06-08 00:00:00,246.22,4,Sports & Outdoors
TX102822,C0597,2026-06-08 00:00:00,85.06,3,Books
TX102879,C0610,2026-06-08 00:00:00,20.3,2,Home & Kitchen
TX104376,C0950,2026-06-08 00:00:00,224.78,4,Apparel
TX101194,C0267,2026-06-09 00:00:00,84.84,2,Apparel
TX101438,C0318,2026-06-09 00:00:00,396.69,10,Beauty & Personal Care
TX101974,C0430,2026-06-09 00:00:00,61.21,2,Electronics
TX102404,C0508,2026-06-09 00:00:00,119.11,8,Electronics
TX102452,C0516,2026-06-09 00:00:00,246.27,6,Beauty & Personal Care
TX102555,C0537,2026-06-09 00:00:00,95.52,2,Sports & Outdoors
TX103044,C0644,2026-06-09 00:00:00,30.26,3,Home & Kitchen
TX104035,C0875,2026-06-09 00:00:00,263.95,10,Electronics
TX100042,C0010,2026-06-10 00:00:00,226.04,7,Books
TX100076,C0018,2026-06-10 00:00:00,37.62,4,Electronics
TX100544,C0124,2026-06-10 00:00:00,93.17,4,Beauty & Personal Care
TX100842,C0189,2026-06-10 00:00:00,25.88,3,Electronics
TX100955,C0213,2026-06-10 00:00:00,113.23,4,Apparel
TX102350,C0497,2026-06-10 00:00:00,187.64,7,Home & Kitchen
TX102617,C0551,2026-06-10 00:00:00,35.5,1,Apparel
TX102627,C0554,2026-06-10 00:00:00,77.29,3,Apparel
TX102848,C0600,2026-06-10 00:00:00,233.7,10,Apparel
TX102986,C0629,2026-06-10 00:00:00,83.94,1,Electronics
TX103146,C0665,2026-06-10 00:00:00,192.76,7,Electronics
TX103333,C0708,2026-06-10 00:00:00,43.13,5,Sports & Outdoors
TX104020,C0872,2026-06-10 00:00:00,193.41,9,Apparel
TX104476,C0971,2026-06-10 00:00:00,67.09,3,Apparel
TX104484,C0973,2026-06-10 00:00:00,133.45,3,Books
TX100124,C0030,2026-06-11 00:00:00,181.11,9,Home & Kitchen
TX100318,C0074,2026-06-11 00:00:00,303.32,4,Electronics
TX100319,C0074,2026-06-11 00:00:00,290.22,4,Books
TX100537,C0122,2026-06-11 00:00:00,64.94,5,Home & Kitchen
TX100727,C0163,2026-06-11 00:00:00,152.1,4,Electronics
TX101605,C0354,2026-06-11 00:00:00,217.08,7,Sports & Outdoors
TX101780,C0388,2026-06-11 00:00:00,162.6,4,Apparel
TX101873,C0415,2026-06-11 00:00:00,345.65,3,Beauty & Personal Care
TX101930,C0422,2026-06-11 00:00:00,131.66,6,Beauty & Personal Care
TX102968,C0625,2026-06-11 00:00:00,189.66,7,Books
TX103534,C0754,2026-06-11 00:00:00,146.88,10,Apparel
TX103565,C0762,2026-06-11 00:00:00,68.39,3,Sports & Outdoors
TX103741,C0800,2026-06-11 00:00:00,299.79,9,Electronics
TX100405,C0097,2026-06-12 00:00:00,94.56,4,Sports & Outdoors
TX100639,C0145,2026-06-12 00:00:00,421.42,5,Apparel
TX101001,C0225,2026-06-12 00:00:00,35.45,1,Apparel
TX102291,C0486,2026-06-12 00:00:00,196.49,9,Books
TX102443,C0515,2026-06-12 00:00:00,79.07,3,Home & Kitchen
TX102920,C0617,2026-06-12 00:00:00,100.48,9,Electronics
TX103317,C0703,2026-06-12 00:00:00,59.93,5,Beauty & Personal Care
TX103379,C0718,2026-06-12 00:00:00,25.46,1,Electronics
TX103839,C0824,2026-06-12 00:00:00,75.08,5,Home & Kitchen
TX103988,C0865,2026-06-12 00:00:00,32.05,2,Electronics
TX104083,C0886,2026-06-12 00:00:00,63.07,5,Apparel
TX104210,C0912,2026-06-12 00:00:00,109.51,9,Home & Kitchen
TX104256,C0922,2026-06-12 00:00:00,46.23,2,Home & Kitchen
TX100004,C0002,2026-06-13 00:00:00,27.94,5,Electronics
TX100323,C0074,2026-06-13 00:00:00,274.63,9,Sports & Outdoors
TX100613,C0138,2026-06-13 00:00:00,374.34,3,Beauty & Personal Care
TX101043,C0234,2026-06-13 00:00:00,67.74,4,Beauty & Personal Care
TX101062,C0238,2026-06-13 00:00:00,105.43,4,Sports & Outdoors
TX101113,C0247,2026-06-13 00:00:00,152.66,8,Books
TX102399,C0507,2026-06-13 00:00:00,112.88,4,Apparel
TX102475,C0520,2026-06-13 00:00:00,178.68,6,Apparel
TX102956,C0622,2026-06-13 00:00:00,77.16,3,Home & Kitchen
TX103910,C0841,2026-06-13 00:00:00,40.65,3,Electronics
TX103921,C0843,2026-06-13 00:00:00,69.98,3,Apparel
TX103930,C0847,2026-06-13 00:00:00,57.19,3,Apparel
TX100174,C0046,2026-06-14 00:00:00,221.0,9,Books
TX100396,C0095,2026-06-14 00:00:00,46.1,1,Apparel
TX101102,C0246,2026-06-14 00:00:00,138.67,8,Apparel
TX101798,C0393,2026-06-14 00:00:00,83.98,2,Sports & Outdoors
TX102037,C0442,2026-06-14 00:00:00,279.66,7,Books
TX102095,C0453,2026-06-14 00:00:00,394.05,10,Electronics
TX102673,C0571,2026-06-14 00:00:00,71.53,5,Home & Kitchen
TX102883,C0611,2026-06-14 00:00:00,47.04,4,Home & Kitchen
TX103197,C0678,2026-06-14 00:00:00,451.09,4,Electronics
TX100321,C0074,2026-06-15 00:00:00,192.97,9,Books
TX100481,C0109,2026-06-15 00:00:00,116.39,10,Electronics
TX100926,C0206,2026-06-15 00:00:00,157.72,5,Apparel
TX101131,C0250,2026-06-15 00:00:00,158.1,4,Electronics
TX101613,C0357,2026-06-15 00:00:00,62.08,5,Apparel
TX101773,C0387,2026-06-15 00:00:00,23.42,2,Beauty & Personal Care
TX102008,C0438,2026-06-15 00:00:00,60.72,3,Electronics
TX103175,C0673,2026-06-15 00:00:00,78.83,1,Home & Kitchen
TX103566,C0762,2026-06-15 00:00:00,101.85,8,Electronics
TX103702,C0794,2026-06-15 00:00:00,202.86,9,Sports & Outdoors
TX103873,C0831,2026-06-15 00:00:00,159.31,7,Beauty & Personal Care
TX104104,C0887,2026-06-15 00:00:00,356.98,6,Sports & Outdoors
TX104301,C0933,2026-06-15 00:00:00,172.81,5,Apparel
TX100152,C0040,2026-06-16 00:00:00,204.49,7,Home & Kitchen
TX100889,C0197,2026-06-16 00:00:00,184.89,5,Apparel
TX101257,C0279,2026-06-16 00:00:00,68.15,3,Beauty & Personal Care
TX101785,C0390,2026-06-16 00:00:00,86.84,5,Apparel
TX101928,C0422,2026-06-16 00:00:00,189.28,7,Electronics
TX102402,C0507,2026-06-16 00:00:00,212.83,4,Sports & Outdoors
TX103286,C0696,2026-06-16 00:00:00,424.43,8,Electronics
TX103504,C0748,2026-06-16 00:00:00,113.36,6,Electronics
TX104222,C0913,2026-06-16 00:00:00,113.67,9,Books
TX100315,C0074,2026-06-17 00:00:00,251.71,9,Electronics
TX100460,C0104,2026-06-17 00:00:00,179.62,4,Apparel
TX101018,C0229,2026-06-17 00:00:00,140.53,9,Home & Kitchen
TX101892,C0417,2026-06-17 00:00:00,25.91,3,Electronics
TX102388,C0505,2026-06-17 00:00:00,75.24,1,Beauty & Personal Care
TX102449,C0516,2026-06-17 00:00:00,154.82,4,Apparel
TX102801,C0593,2026-06-17 00:00:00,452.27,10,Apparel
TX103066,C0653,2026-06-17 00:00:00,230.39,3,Home & Kitchen
TX103192,C0678,2026-06-17 00:00:00,316.87,3,Electronics
TX103931,C0847,2026-06-17 00:00:00,60.41,5,Electronics
TX103979,C0860,2026-06-17 00:00:00,60.15,1,Apparel
TX104296,C0932,2026-06-17 00:00:00,394.51,6,Books
TX104410,C0957,2026-06-17 00:00:00,41.36,1,Apparel
TX100205,C0053,2026-06-18 00:00:00,25.57,5,Sports & Outdoors
TX100660,C0148,2026-06-18 00:00:00,108.17,4,Electronics
TX101127,C0250,2026-06-18 00:00:00,371.03,8,Electronics
TX101506,C0329,2026-06-18 00:00:00,103.36,5,Beauty & Personal Care
TX101637,C0364,2026-06-18 00:00:00,88.44,3,Electronics
TX101887,C0415,2026-06-18 00:00:00,198.48,8,Electronics
TX102387,C0505,2026-06-18 00:00:00,25.12,5,Electronics
TX102881,C0610,2026-06-18 00:00:00,80.88,1,Beauty & Personal Care
TX103383,C0719,2026-06-18 00:00:00,116.38,9,Sports & Outdoors
TX103959,C0854,2026-06-18 00:00:00,138.43,3,Electronics
TX104306,C0934,2026-06-18 00:00:00,38.89,2,Apparel
TX100305,C0073,2026-06-19 00:00:00,21.4,2,Books
TX100350,C0083,2026-06-19 00:00:00,30.01,2,Apparel
TX100377,C0094,2026-06-19 00:00:00,476.53,7,Apparel
TX100710,C0159,2026-06-19 00:00:00,310.63,6,Electronics
TX100790,C0176,2026-06-19 00:00:00,59.77,5,Sports & Outdoors
TX101863,C0413,2026-06-19 00:00:00,77.55,4,Books
TX101874,C0415,2026-06-19 00:00:00,453.65,5,Electronics
TX102217,C0474,2026-06-19 00:00:00,71.14,4,Books
TX102408,C0509,2026-06-19 00:00:00,103.08,10,Home & Kitchen
TX102644,C0561,2026-06-19 00:00:00,113.49,5,Electronics
TX102755,C0587,2026-06-19 00:00:00,161.83,6,Home & Kitchen
TX103183,C0676,2026-06-19 00:00:00,75.06,5,Beauty & Personal Care
TX104632,C0997,2026-06-19 00:00:00,221.34,8,Apparel
TX100482,C0109,2026-06-20 00:00:00,78.52,2,Apparel
TX100517,C0116,2026-06-20 00:00:00,230.63,8,Sports & Outdoors
TX100538,C0123,2026-06-20 00:00:00,93.75,1,Apparel
TX100951,C0213,2026-06-20 00:00:00,141.14,3,Apparel
TX101164,C0259,2026-06-20 00:00:00,68.89,3,Apparel
TX101418,C0317,2026-06-20 00:00:00,384.05,8,Beauty & Personal Care
TX101569,C0344,2026-06-20 00:00:00,111.69,9,Electronics
TX101667,C0370,2026-06-20 00:00:00,119.72,8,Apparel
TX102503,C0526,2026-06-20 00:00:00,41.56,4,Apparel
TX103423,C0728,2026-06-20 00:00:00,84.22,4,Apparel
TX103539,C0754,2026-06-20 00:00:00,125.24,9,Books
TX103810,C0820,2026-06-20 00:00:00,483.45,5,Apparel
TX103823,C0820,2026-06-20 00:00:00,380.97,7,Beauty & Personal Care
TX104017,C0872,2026-06-20 00:00:00,62.42,2,Books
TX104084,C0886,2026-06-20 00:00:00,156.34,8,Electronics
TX100212,C0055,2026-06-21 00:00:00,256.69,10,Beauty & Personal Care
TX101080,C0240,2026-06-21 00:00:00,152.4,10,Electronics
TX101108,C0247,2026-06-21 00:00:00,186.29,4,Home & Kitchen
TX101787,C0391,2026-06-21 00:00:00,87.59,1,Books
TX102029,C0442,2026-06-21 00:00:00,374.21,6,Apparel
TX102531,C0533,2026-06-21 00:00:00,269.52,8,Books
TX102697,C0575,2026-06-21 00:00:00,218.6,5,Electronics
TX102776,C0590,2026-06-21 00:00:00,454.16,10,Sports & Outdoors
TX102841,C0599,2026-06-21 00:00:00,487.4,9,Apparel
TX102958,C0623,2026-06-21 00:00:00,189.11,3,Beauty & Personal Care
TX103023,C0639,2026-06-21 00:00:00,32.33,5,Apparel
TX103148,C0665,2026-06-21 00:00:00,123.99,5,Sports & Outdoors
TX103302,C0698,2026-06-21 00:00:00,220.11,10,Books
TX103982,C0863,2026-06-21 00:00:00,54.19,1,Home & Kitchen
TX103989,C0866,2026-06-21 00:00:00,94.18,5,Beauty & Personal Care
TX100177,C0046,2026-06-22 00:00:00,210.53,10,Home & Kitchen
TX100351,C0083,2026-06-22 00:00:00,101.15,8,Electronics
TX100373,C0092,2026-06-22 00:00:00,105.25,10,Books
TX100600,C0138,2026-06-22 00:00:00,385.29,8,Sports & Outdoors
TX100603,C0138,2026-06-22 00:00:00,153.28,3,Books
TX101517,C0332,2026-06-22 00:00:00,112.76,10,Apparel
TX101828,C0401,2026-06-22 00:00:00,70.78,4,Home & Kitchen
TX102621,C0552,2026-06-22 00:00:00,86.25,3,Home & Kitchen
TX102625,C0554,2026-06-22 00:00:00,79.05,3,Apparel
TX103417,C0726,2026-06-22 00:00:00,196.13,5,Apparel
TX103531,C0753,2026-06-22 00:00:00,34.27,5,Apparel
TX103608,C0771,2026-06-22 00:00:00,144.11,9,Sports & Outdoors
TX104441,C0964,2026-06-22 00:00:00,462.71,6,Apparel
TX104443,C0964,2026-06-22 00:00:00,465.74,3,Electronics
TX100512,C0116,2026-06-23 00:00:00,206.15,3,Electronics
TX101115,C0247,2026-06-23 00:00:00,385.66,3,Beauty & Personal Care
TX101116,C0247,2026-06-23 00:00:00,161.44,3,Electronics
TX101419,C0317,2026-06-23 00:00:00,427.66,4,Apparel
TX101579,C0350,2026-06-23 00:00:00,71.73,1,Apparel
TX102043,C0443,2026-06-23 00:00:00,51.67,2,Apparel
TX102130,C0459,2026-06-23 00:00:00,57.74,1,Apparel
TX102672,C0571,2026-06-23 00:00:00,102.63,6,Beauty & Personal Care
TX102710,C0578,2026-06-23 00:00:00,93.42,3,Beauty & Personal Care
TX103181,C0676,2026-06-23 00:00:00,29.45,1,Books
TX104131,C0894,2026-06-23 00:00:00,389.9,9,Beauty & Personal Care
TX104333,C0942,2026-06-23 00:00:00,74.17,3,Beauty & Personal Care
TX100100,C0024,2026-06-24 00:00:00,242.73,4,Electronics
TX100272,C0064,2026-06-24 00:00:00,148.06,3,Books
TX100292,C0070,2026-06-24 00:00:00,461.4,8,Electronics
TX100475,C0108,2026-06-24 00:00:00,116.31,9,Beauty & Personal Care
TX100528,C0118,2026-06-24 00:00:00,84.88,2,Beauty & Personal Care
TX100646,C0145,2026-06-24 00:00:00,487.07,7,Apparel
TX100697,C0157,2026-06-24 00:00:00,246.23,6,Sports & Outdoors
TX100826,C0183,2026-06-24 00:00:00,48.04,3,Home & Kitchen
TX101471,C0323,2026-06-24 00:00:00,333.19,6,Electronics
TX101665,C0370,2026-06-24 00:00:00,201.64,9,Apparel
TX102137,C0461,2026-06-24 00:00:00,221.21,3,Apparel
TX102190,C0469,2026-06-24 00:00:00,482.03,8,Apparel
TX102294,C0486,2026-06-24 00:00:00,249.0,7,Electronics
TX102477,C0520,2026-06-24 00:00:00,103.24,3,Home & Kitchen
TX102758,C0587,2026-06-24 00:00:00,200.43,6,Apparel
TX102981,C0627,2026-06-24 00:00:00,99.82,4,Sports & Outdoors
TX103184,C0676,2026-06-24 00:00:00,94.96,4,Electronics
TX103862,C0829,2026-06-24 00:00:00,27.98,3,Electronics
TX100669,C0152,2026-06-25 00:00:00,115.58,10,Apparel
TX101014,C0228,2026-06-25 00:00:00,85.59,3,Electronics
TX101177,C0262,2026-06-25 00:00:00,118.96,3,Apparel
TX101736,C0381,2026-06-25 00:00:00,85.02,2,Books
TX101759,C0385,2026-06-25 00:00:00,155.65,9,Beauty & Personal Care
TX102482,C0522,2026-06-25 00:00:00,32.03,3,Home & Kitchen
TX102747,C0585,2026-06-25 00:00:00,487.59,8,Books
TX102830,C0599,2026-06-25 00:00:00,379.3,6,Books
TX103812,C0820,2026-06-25 00:00:00,448.31,10,Apparel
TX103881,C0832,2026-06-25 00:00:00,342.52,9,Home & Kitchen
TX100019,C0005,2026-06-26 00:00:00,26.29,3,Sports & Outdoors
TX100715,C0159,2026-06-26 00:00:00,427.32,9,Home & Kitchen
TX100797,C0177,2026-06-26 00:00:00,60.3,1,Books
TX100851,C0191,2026-06-26 00:00:00,256.43,5,Home & Kitchen
TX100891,C0197,2026-06-26 00:00:00,107.02,7,Electronics
TX101110,C0247,2026-06-26 00:00:00,224.15,10,Home & Kitchen
TX101468,C0323,2026-06-26 00:00:00,347.1,7,Apparel
TX101704,C0376,2026-06-26 00:00:00,493.4,9,Books
TX102642,C0561,2026-06-26 00:00:00,87.29,3,Electronics
TX102767,C0589,2026-06-26 00:00:00,106.5,7,Apparel
TX103437,C0732,2026-06-26 00:00:00,105.51,10,Apparel
TX103542,C0756,2026-06-26 00:00:00,107.58,8,Sports & Outdoors
TX104498,C0975,2026-06-26 00:00:00,490.18,6,Beauty & Personal Care
TX100016,C0004,2026-06-27 00:00:00,361.67,7,Apparel
TX101525,C0335,2026-06-27 00:00:00,103.77,3,Electronics
TX101820,C0398,2026-06-27 00:00:00,94.29,4,Electronics
TX102237,C0477,2026-06-27 00:00:00,219.72,3,Sports & Outdoors
TX102576,C0545,2026-06-27 00:00:00,473.51,6,Home & Kitchen
TX102935,C0619,2026-06-27 00:00:00,495.5,5,Sports & Outdoors
TX103169,C0670,2026-06-27 00:00:00,53.45,4,Apparel
TX103202,C0679,2026-06-27 00:00:00,63.89,3,Beauty & Personal Care
TX103204,C0679,2026-06-27 00:00:00,39.4,2,Apparel
TX103242,C0688,2026-06-27 00:00:00,207.89,9,Beauty & Personal Care
TX103727,C0800,2026-06-27 00:00:00,244.46,4,Electronics
TX103749,C0802,2026-06-27 00:00:00,82.53,2,Books
TX103974,C0859,2026-06-27 00:00:00,65.06,5,Books
TX103975,C0859,2026-06-27 00:00:00,249.97,6,Electronics
TX104119,C0893,2026-06-27 00:00:00,77.7,1,Electronics
TX104432,C0962,2026-06-27 00:00:00,59.91,1,Electronics
TX104641,C0998,2026-06-27 00:00:00,164.09,8,Apparel
TX104644,C1000,2026-06-27 00:00:00,42.66,5,Home & Kitchen
TX100136,C0035,2026-06-28 00:00:00,113.62,10,Sports & Outdoors
TX100659,C0148,2026-06-28 00:00:00,37.14,5,Sports & Outdoors
TX100971,C0217,2026-06-28 00:00:00,97.94,4,Home & Kitchen
TX101128,C0250,2026-06-28 00:00:00,464.27,7,Electronics
TX101573,C0346,2026-06-28 00:00:00,26.46,3,Apparel
TX101749,C0384,2026-06-28 00:00:00,119.1,6,Sports & Outdoors
TX101771,C0386,2026-06-28 00:00:00,24.29,4,Home & Kitchen
TX102242,C0477,2026-06-28 00:00:00,221.71,3,Electronics
TX102267,C0481,2026-06-28 00:00:00,90.04,2,Beauty & Personal Care
TX102934,C0619,2026-06-28 00:00:00,497.98,6,Apparel
TX103013,C0637,2026-06-28 00:00:00,103.59,6,Beauty & Personal Care
TX103555,C0758,2026-06-28 00:00:00,134.17,9,Electronics
TX103652,C0781,2026-06-28 00:00:00,76.83,2,Apparel
TX103893,C0836,2026-06-28 00:00:00,57.0,5,Apparel
TX104123,C0893,2026-06-28 00:00:00,179.53,3,Apparel
TX104255,C0922,2026-06-28 00:00:00,22.88,3,Electronics
TX104347,C0945,2026-06-28 00:00:00,66.11,5,Home & Kitchen
TX104383,C0952,2026-06-28 00:00:00,26.62,5,Apparel
TX104524,C0978,2026-06-28 00:00:00,431.54,3,Electronics
TX100747,C0169,2026-06-29 00:00:00,118.31,4,Books
TX100785,C0175,2026-06-29 00:00:00,58.53,4,Books
TX100894,C0198,2026-06-29 00:00:00,42.58,1,Electronics
TX101103,C0247,2026-06-29 00:00:00,333.11,8,Electronics
TX101476,C0323,2026-06-29 00:00:00,330.05,4,Sports & Outdoors
TX103212,C0681,2026-06-29 00:00:00,239.53,6,Electronics
TX103300,C0698,2026-06-29 00:00:00,383.18,9,Sports & Outdoors
TX103481,C0741,2026-06-29 00:00:00,51.37,3,Books
TX104068,C0883,2026-06-29 00:00:00,104.32,8,Beauty & Personal Care
TX104608,C0993,2026-06-29 00:00:00,221.79,7,Apparel
TX100819,C0181,2026-06-30 00:00:00,118.69,4,Books
TX101006,C0226,2026-06-30 00:00:00,58.47,1,Apparel
TX101046,C0236,2026-06-30 00:00:00,123.74,6,Apparel
TX101552,C0341,2026-06-30 00:00:00,74.68,1,Apparel
TX102025,C0442,2026-06-30 00:00:00,351.4,6,Home & Kitchen
TX102080,C0451,2026-06-30 00:00:00,146.13,5,Home & Kitchen
TX102781,C0590,2026-06-30 00:00:00,468.37,6,Books
TX103004,C0635,2026-06-30 00:00:00,63.84,4,Books
TX103524,C0752,2026-06-30 00:00:00,59.08,3,Home & Kitchen
TX103583,C0767,2026-06-30 00:00:00,120.99,8,Home & Kitchen
TX103809,C0820,2026-06-30 00:00:00,396.26,9,Sports & Outdoors
TX104055,C0880,2026-06-30 00:00:00,56.97,2,Apparel
TX104253,C0921,2026-06-30 00:00:00,32.07,2,Home & Kitchen
TX104262,C0924,2026-06-30 00:00:00,51.34,2,Electronics
TX104277,C0929,2026-06-30 00:00:00,92.58,1,Apparel
TX100285,C0069,2026-07-01 00:00:00,88.83,1,Apparel
TX100443,C0100,2026-07-01 00:00:00,386.92,8,Electronics
TX100827,C0184,2026-07-01 00:00:00,33.58,5,Home & Kitchen
TX101118,C0247,2026-07-01 00:00:00,234.64,9,Electronics
TX101130,C0250,2026-07-01 00:00:00,168.11,4,Sports & Outdoors
TX101741,C0382,2026-07-01 00:00:00,67.98,1,Electronics
TX101941,C0423,2026-07-01 00:00:00,213.22,6,Apparel
TX102015,C0441,2026-07-01 00:00:00,213.33,4,Electronics
TX102329,C0495,2026-07-01 00:00:00,117.11,9,Electronics
TX102716,C0579,2026-07-01 00:00:00,113.45,8,Apparel
TX103075,C0655,2026-07-01 00:00:00,114.0,9,Apparel
TX103340,C0709,2026-07-01 00:00:00,87.21,5,Home & Kitchen
TX103778,C0813,2026-07-01 00:00:00,64.16,1,Electronics
TX104037,C0875,2026-07-01 00:00:00,201.31,6,Home & Kitchen
TX104152,C0895,2026-07-01 00:00:00,308.12,10,Electronics
TX104635,C0997,2026-07-01 00:00:00,117.32,4,Home & Kitchen
TX100158,C0042,2026-07-02 00:00:00,73.39,4,Sports & Outdoors
TX100471,C0107,2026-07-02 00:00:00,109.27,4,Apparel
TX101092,C0244,2026-07-02 00:00:00,77.03,1,Home & Kitchen
TX101279,C0284,2026-07-02 00:00:00,124.47,5,Apparel
TX101470,C0323,2026-07-02 00:00:00,357.69,4,Electronics
TX102177,C0468,2026-07-02 00:00:00,378.8,3,Apparel
TX102714,C0579,2026-07-02 00:00:00,104.67,9,Beauty & Personal Care
TX103057,C0650,2026-07-02 00:00:00,101.79,7,Books
TX103233,C0686,2026-07-02 00:00:00,51.11,1,Home & Kitchen
TX103246,C0688,2026-07-02 00:00:00,248.31,7,Apparel
TX104106,C0888,2026-07-02 00:00:00,79.27,5,Home & Kitchen
TX100493,C0110,2026-07-03 00:00:00,220.07,10,Electronics
TX100624,C0141,2026-07-03 00:00:00,16.7,4,Home & Kitchen
TX101889,C0416,2026-07-03 00:00:00,29.07,3,Apparel
TX102485,C0523,2026-07-03 00:00:00,94.64,2,Electronics
TX103276,C0696,2026-07-03 00:00:00,380.4,3,Electronics
TX103284,C0696,2026-07-03 00:00:00,421.45,5,Beauty & Personal Care
TX103619,C0773,2026-07-03 00:00:00,170.74,10,Electronics
TX104100,C0887,2026-07-03 00:00:00,221.43,6,Apparel
TX104254,C0921,2026-07-03 00:00:00,31.83,2,Electronics
TX104422,C0959,2026-07-03 00:00:00,45.95,4,Apparel
TX104463,C0969,2026-07-03 00:00:00,483.82,3,Electronics
TX104500,C0975,2026-07-03 00:00:00,364.99,8,Electronics
TX100597,C0137,2026-07-04 00:00:00,67.65,1,Home & Kitchen
TX100638,C0145,2026-07-04 00:00:00,302.55,8,Apparel
TX100867,C0192,2026-07-04 00:00:00,77.97,5,Electronics
TX101000,C0225,2026-07-04 00:00:00,109.24,5,Apparel
TX101067,C0239,2026-07-04 00:00:00,206.67,7,Sports & Outdoors
TX101106,C0247,2026-07-04 00:00:00,371.94,4,Sports & Outdoors
TX101384,C0309,2026-07-04 00:00:00,174.99,10,Books
TX101436,C0318,2026-07-04 00:00:00,263.89,9,Electronics
TX101472,C0323,2026-07-04 00:00:00,238.21,7,Books
TX101809,C0394,2026-07-04 00:00:00,332.61,9,Beauty & Personal Care
TX104224,C0913,2026-07-04 00:00:00,85.11,1,Sports & Outdoors
TX100208,C0055,2026-07-05 00:00:00,437.45,10,Apparel
TX100454,C0103,2026-07-05 00:00:00,33.13,1,Beauty & Personal Care
TX100633,C0145,2026-07-05 00:00:00,217.37,4,Electronics
TX101880,C0415,2026-07-05 00:00:00,493.06,8,Beauty & Personal Care
TX102904,C0614,2026-07-05 00:00:00,459.2,6,Home & Kitchen
TX103077,C0656,2026-07-05 00:00:00,25.34,3,Books
TX103460,C0738,2026-07-05 00:00:00,92.51,2,Electronics
TX103628,C0775,2026-07-05 00:00:00,235.93,9,Apparel
TX104402,C0956,2026-07-05 00:00:00,332.69,5,Beauty & Personal Care
TX104525,C0978,2026-07-05 00:00:00,318.15,6,Electronics
TX100662,C0148,2026-07-06 00:00:00,57.43,5,Apparel
TX100787,C0175,2026-07-06 00:00:00,22.83,2,Apparel
TX100973,C0217,2026-07-06 00:00:00,89.67,5,Apparel
TX101751,C0384,2026-07-06 00:00:00,32.31,4,Electronics
TX102216,C0474,2026-07-06 00:00:00,80.53,3,Beauty & Personal Care
TX102554,C0537,2026-07-06 00:00:00,103.53,8,Apparel
TX102761,C0587,2026-07-06 00:00:00,494.68,5,Beauty & Personal Care
TX103291,C0697,2026-07-06 00:00:00,109.44,6,Books
TX103474,C0740,2026-07-06 00:00:00,89.19,4,Apparel
TX103475,C0740,2026-07-06 00:00:00,154.91,9,Apparel
TX103493,C0746,2026-07-06 00:00:00,192.68,4,Books
TX103704,C0794,2026-07-06 00:00:00,444.69,5,Electronics
TX104559,C0985,2026-07-06 00:00:00,437.33,7,Home & Kitchen
TX100063,C0016,2026-07-07 00:00:00,111.73,8,Books
TX100259,C0062,2026-07-07 00:00:00,76.04,3,Apparel
TX100518,C0116,2026-07-07 00:00:00,87.66,1,Books
TX100683,C0155,2026-07-07 00:00:00,499.3,7,Electronics
TX100821,C0182,2026-07-07 00:00:00,23.17,4,Books
TX101557,C0342,2026-07-07 00:00:00,46.94,5,Apparel
TX101686,C0375,2026-07-07 00:00:00,68.72,5,Electronics
TX102129,C0459,2026-07-07 00:00:00,89.18,2,Electronics
TX102459,C0517,2026-07-07 00:00:00,21.38,5,Electronics
TX102613,C0549,2026-07-07 00:00:00,460.57,6,Sports & Outdoors
TX102847,C0600,2026-07-07 00:00:00,129.01,9,Sports & Outdoors
TX103305,C0698,2026-07-07 00:00:00,155.91,4,Books
TX103821,C0820,2026-07-07 00:00:00,445.22,8,Electronics
TX104006,C0869,2026-07-07 00:00:00,266.74,8,Books
TX100057,C0015,2026-07-08 00:00:00,81.63,3,Apparel
TX100117,C0030,2026-07-08 00:00:00,91.78,5,Books
TX100829,C0185,2026-07-08 00:00:00,54.32,4,Home & Kitchen
TX101508,C0330,2026-07-08 00:00:00,85.21,2,Electronics
TX101869,C0414,2026-07-08 00:00:00,119.56,6,Books
TX102538,C0535,2026-07-08 00:00:00,249.76,5,Electronics
TX103949,C0853,2026-07-08 00:00:00,38.02,1,Electronics
TX100347,C0083,2026-07-09 00:00:00,71.48,4,Apparel
TX100430,C0098,2026-07-09 00:00:00,248.35,8,Sports & Outdoors
TX100569,C0128,2026-07-09 00:00:00,223.78,3,Apparel
TX100907,C0201,2026-07-09 00:00:00,28.69,3,Apparel
TX101146,C0254,2026-07-09 00:00:00,94.52,4,Apparel
TX101224,C0273,2026-07-09 00:00:00,28.93,4,Home & Kitchen
TX101248,C0277,2026-07-09 00:00:00,399.41,10,Apparel
TX101287,C0285,2026-07-09 00:00:00,211.16,4,Beauty & Personal Care
TX101574,C0347,2026-07-09 00:00:00,51.94,4,Beauty & Personal Care
TX101707,C0377,2026-07-09 00:00:00,32.07,3,Apparel
TX102744,C0585,2026-07-09 00:00:00,338.62,7,Apparel
TX103040,C0643,2026-07-09 00:00:00,79.69,5,Beauty & Personal Care
TX103086,C0658,2026-07-09 00:00:00,36.3,5,Home & Kitchen
TX103856,C0827,2026-07-09 00:00:00,78.81,4,Apparel
TX103985,C0864,2026-07-09 00:00:00,69.85,3,Apparel
TX104044,C0876,2026-07-09 00:00:00,109.43,3,Apparel
TX101368,C0307,2026-07-10 00:00:00,295.59,9,Beauty & Personal Care
TX101899,C0418,2026-07-10 00:00:00,93.72,2,Beauty & Personal Care
TX102279,C0483,2026-07-10 00:00:00,66.25,3,Books
TX102307,C0488,2026-07-10 00:00:00,446.51,4,Apparel
TX102507,C0527,2026-07-10 00:00:00,170.47,5,Beauty & Personal Care
TX102819,C0596,2026-07-10 00:00:00,113.24,6,Sports & Outdoors
TX103046,C0646,2026-07-10 00:00:00,98.3,5,Home & Kitchen
TX103127,C0663,2026-07-10 00:00:00,189.58,3,Home & Kitchen
TX103946,C0852,2026-07-10 00:00:00,59.77,3,Apparel
TX104236,C0916,2026-07-10 00:00:00,118.78,5,Electronics
TX104368,C0949,2026-07-10 00:00:00,209.51,9,Beauty & Personal Care
TX104640,C0998,2026-07-10 00:00:00,243.5,5,Apparel
TX100097,C0024,2026-07-11 00:00:00,220.89,6,Books
TX100125,C0030,2026-07-11 00:00:00,223.09,8,Apparel
TX100627,C0143,2026-07-11 00:00:00,82.62,1,Electronics
TX101073,C0240,2026-07-11 00:00:00,68.11,1,Books
TX101271,C0283,2026-07-11 00:00:00,80.39,4,Beauty & Personal Care
TX101300,C0287,2026-07-11 00:00:00,70.09,3,Home & Kitchen
TX101527,C0335,2026-07-11 00:00:00,24.45,5,Electronics
TX102800,C0593,2026-07-11 00:00:00,321.13,10,Apparel
TX102940,C0620,2026-07-11 00:00:00,64.17,2,Apparel
TX102969,C0625,2026-07-11 00:00:00,141.95,9,Electronics
TX103925,C0845,2026-07-11 00:00:00,92.86,2,Electronics
TX104392,C0954,2026-07-11 00:00:00,96.13,1,Electronics
TX104584,C0990,2026-07-11 00:00:00,76.79,2,Electronics
TX100010,C0004,2026-07-12 00:00:00,352.64,3,Electronics
TX100072,C0018,2026-07-12 00:00:00,98.73,5,Home & Kitchen
TX101095,C0245,2026-07-12 00:00:00,106.43,4,Books
TX101655,C0369,2026-07-12 00:00:00,153.4,6,Books
TX101879,C0415,2026-07-12 00:00:00,429.45,9,Electronics
TX102297,C0487,2026-07-12 00:00:00,83.85,2,Apparel
TX102305,C0488,2026-07-12 00:00:00,301.68,7,Apparel
TX102446,C0516,2026-07-12 00:00:00,166.3,4,Home & Kitchen
TX102470,C0520,2026-07-12 00:00:00,60.64,1,Apparel
TX102504,C0526,2026-07-12 00:00:00,103.67,10,Apparel
TX102970,C0625,2026-07-12 00:00:00,109.8,3,Beauty & Personal Care
TX103275,C0696,2026-07-12 00:00:00,172.01,8,Apparel
TX103427,C0729,2026-07-12 00:00:00,143.73,10,Home & Kitchen
TX103640,C0778,2026-07-12 00:00:00,116.12,3,Books
TX103678,C0788,2026-07-12 00:00:00,70.91,3,Beauty & Personal Care
TX103837,C0824,2026-07-12 00:00:00,58.51,1,Electronics
TX104456,C0969,2026-07-12 00:00:00,189.84,9,Beauty & Personal Care
TX104509,C0976,2026-07-12 00:00:00,38.27,4,Apparel
TX100291,C0070,2026-07-13 00:00:00,271.87,8,Electronics
TX100640,C0145,2026-07-13 00:00:00,270.02,8,Sports & Outdoors
TX101295,C0285,2026-07-13 00:00:00,90.8,5,Beauty & Personal Care
TX101413,C0317,2026-07-13 00:00:00,159.02,6,Apparel
TX101437,C0318,2026-07-13 00:00:00,484.71,4,Apparel
TX101487,C0325,2026-07-13 00:00:00,72.74,1,Apparel
TX101935,C0423,2026-07-13 00:00:00,108.73,9,Apparel
TX102406,C0508,2026-07-13 00:00:00,97.59,4,Electronics
TX102635,C0557,2026-07-13 00:00:00,80.04,4,Electronics
TX102708,C0578,2026-07-13 00:00:00,123.06,10,Home & Kitchen
TX102880,C0610,2026-07-13 00:00:00,26.58,2,Electronics
TX103180,C0675,2026-07-13 00:00:00,77.29,4,Books
TX103719,C0797,2026-07-13 00:00:00,228.07,9,Apparel
TX100066,C0017,2026-07-14 00:00:00,126.24,5,Apparel
TX100148,C0039,2026-07-14 00:00:00,60.94,1,Apparel
TX100898,C0199,2026-07-14 00:00:00,78.82,1,Electronics
TX101410,C0315,2026-07-14 00:00:00,112.94,4,Electronics
TX102236,C0477,2026-07-14 00:00:00,477.16,7,Apparel
TX102432,C0511,2026-07-14 00:00:00,164.88,8,Apparel
TX102818,C0596,2026-07-14 00:00:00,33.6,3,Home & Kitchen
TX102899,C0614,2026-07-14 00:00:00,189.18,10,Sports & Outdoors
TX103022,C0639,2026-07-14 00:00:00,85.09,3,Electronics
TX104034,C0875,2026-07-14 00:00:00,334.0,8,Electronics
TX104137,C0895,2026-07-14 00:00:00,283.52,5,Home & Kitchen
TX104425,C0959,2026-07-14 00:00:00,41.01,5,Electronics
TX100012,C0004,2026-07-15 00:00:00,299.56,4,Apparel
TX100473,C0107,2026-07-15 00:00:00,150.65,9,Beauty & Personal Care
TX100565,C0128,2026-07-15 00:00:00,230.4,4,Home & Kitchen
TX100845,C0190,2026-07-15 00:00:00,111.24,5,Sports & Outdoors
TX101020,C0229,2026-07-15 00:00:00,154.45,10,Apparel
TX101184,C0263,2026-07-15 00:00:00,42.58,3,Books
TX101415,C0317,2026-07-15 00:00:00,308.85,4,Books
TX102066,C0448,2026-07-15 00:00:00,239.96,7,Electronics
TX102067,C0449,2026-07-15 00:00:00,39.32,3,Books
TX102671,C0570,2026-07-15 00:00:00,68.08,5,Apparel
TX102972,C0625,2026-07-15 00:00:00,124.58,3,Home & Kitchen
TX103470,C0740,2026-07-15 00:00:00,161.54,6,Books
TX103580,C0766,2026-07-15 00:00:00,97.91,2,Sports & Outdoors
TX103587,C0767,2026-07-15 00:00:00,75.97,1,Electronics
TX104087,C0887,2026-07-15 00:00:00,209.21,10,Sports & Outdoors
TX104458,C0969,2026-07-15 00:00:00,366.27,3,Beauty & Personal Care
TX100287,C0070,2026-07-16 00:00:00,294.2,5,Electronics
TX100509,C0115,2026-07-16 00:00:00,64.15,5,Apparel
TX101496,C0326,2026-07-16 00:00:00,58.29,5,Books
TX101832,C0402,2026-07-16 00:00:00,216.99,10,Home & Kitchen
TX102351,C0497,2026-07-16 00:00:00,175.09,7,Electronics
TX102483,C0522,2026-07-16 00:00:00,109.31,4,Apparel
TX102995,C0632,2026-07-16 00:00:00,24.81,5,Apparel
TX103141,C0665,2026-07-16 00:00:00,217.55,3,Electronics
TX103672,C0785,2026-07-16 00:00:00,70.91,1,Apparel
TX104011,C0870,2026-07-16 00:00:00,98.01,3,Books
TX104030,C0874,2026-07-16 00:00:00,87.28,4,Home & Kitchen
TX100002,C0001,2026-07-17 00:00:00,69.86,1,Home & Kitchen
TX100584,C0132,2026-07-17 00:00:00,180.8,6,Books
TX100608,C0138,2026-07-17 00:00:00,209.67,6,Home & Kitchen
TX100615,C0139,2026-07-17 00:00:00,56.15,1,Beauty & Personal Care
TX101065,C0238,2026-07-17 00:00:00,119.61,7,Electronics
TX101348,C0303,2026-07-17 00:00:00,206.11,7,Electronics
TX101486,C0325,2026-07-17 00:00:00,61.87,4,Electronics
TX101870,C0414,2026-07-17 00:00:00,216.0,6,Apparel
TX102035,C0442,2026-07-17 00:00:00,387.37,4,Home & Kitchen
TX102112,C0455,2026-07-17 00:00:00,117.64,10,Electronics
TX102211,C0472,2026-07-17 00:00:00,107.19,5,Electronics
TX102268,C0481,2026-07-17 00:00:00,173.83,6,Beauty & Personal Care
TX103319,C0703,2026-07-17 00:00:00,47.68,4,Electronics
TX103748,C0802,2026-07-17 00:00:00,109.37,6,Apparel
TX103763,C0806,2026-07-17 00:00:00,179.28,6,Electronics
TX104102,C0887,2026-07-17 00:00:00,440.66,7,Electronics
TX104428,C0961,2026-07-17 00:00:00,59.06,4,Beauty & Personal Care
TX104442,C0964,2026-07-17 00:00:00,328.98,9,Home & Kitchen
TX104451,C0965,2026-07-17 00:00:00,81.79,2,Apparel
TX100059,C0015,2026-07-18 00:00:00,76.78,1,Beauty & Personal Care
TX100503,C0113,2026-07-18 00:00:00,55.52,1,Books
TX100814,C0180,2026-07-18 00:00:00,47.14,2,Apparel
TX103080,C0657,2026-07-18 00:00:00,32.64,5,Electronics
TX103310,C0700,2026-07-18 00:00:00,99.04,4,Beauty & Personal Care
TX103455,C0736,2026-07-18 00:00:00,94.11,4,Electronics
TX103651,C0781,2026-07-18 00:00:00,27.89,3,Apparel
TX103913,C0842,2026-07-18 00:00:00,175.4,9,Beauty & Personal Care
TX104007,C0869,2026-07-18 00:00:00,217.24,5,Sports & Outdoors
TX100060,C0015,2026-07-19 00:00:00,29.73,3,Home & Kitchen
TX100075,C0018,2026-07-19 00:00:00,66.29,5,Electronics
TX100419,C0098,2026-07-19 00:00:00,263.14,9,Home & Kitchen
TX100943,C0211,2026-07-19 00:00:00,28.45,2,Home & Kitchen
TX100986,C0222,2026-07-19 00:00:00,64.22,3,Apparel
TX101221,C0272,2026-07-19 00:00:00,92.82,1,Electronics
TX101931,C0422,2026-07-19 00:00:00,108.15,3,Home & Kitchen
TX101981,C0432,2026-07-19 00:00:00,29.71,1,Electronics
TX102620,C0552,2026-07-19 00:00:00,42.81,5,Electronics
TX102700,C0575,2026-07-19 00:00:00,322.36,5,Beauty & Personal Care
TX103021,C0639,2026-07-19 00:00:00,98.43,1,Electronics
TX103174,C0672,2026-07-19 00:00:00,35.9,5,Electronics
TX103489,C0744,2026-07-19 00:00:00,74.19,5,Books
TX103497,C0746,2026-07-19 00:00:00,123.97,9,Electronics
TX103506,C0748,2026-07-19 00:00:00,80.94,4,Home & Kitchen
TX103943,C0851,2026-07-19 00:00:00,31.31,4,Electronics
TX103971,C0859,2026-07-19 00:00:00,96.79,2,Electronics
TX104048,C0876,2026-07-19 00:00:00,21.98,1,Beauty & Personal Care
TX104085,C0886,2026-07-19 00:00:00,122.6,3,Apparel
TX104164,C0897,2026-07-19 00:00:00,199.61,9,Home & Kitchen
TX104191,C0905,2026-07-19 00:00:00,185.49,8,Beauty & Personal Care
TX104364,C0948,2026-07-19 00:00:00,236.09,9,Apparel
TX104420,C0958,2026-07-19 00:00:00,163.01,10,Electronics
TX100427,C0098,2026-07-20 00:00:00,313.83,4,Apparel
TX100847,C0191,2026-07-20 00:00:00,286.98,4,Apparel
TX101389,C0311,2026-07-20 00:00:00,39.81,2,Beauty & Personal Care
TX101943,C0423,2026-07-20 00:00:00,67.8,5,Books
TX102060,C0448,2026-07-20 00:00:00,84.16,3,Books
TX102558,C0539,2026-07-20 00:00:00,42.59,1,Apparel
TX102702,C0576,2026-07-20 00:00:00,68.39,3,Apparel
TX103261,C0689,2026-07-20 00:00:00,310.26,4,Sports & Outdoors
TX103425,C0729,2026-07-20 00:00:00,223.83,7,Electronics
TX103677,C0787,2026-07-20 00:00:00,22.16,5,Apparel
TX100051,C0012,2026-07-21 00:00:00,30.24,5,Apparel
TX100716,C0159,2026-07-21 00:00:00,447.45,9,Electronics
TX100880,C0196,2026-07-21 00:00:00,51.29,3,Home & Kitchen
TX100942,C0210,2026-07-21 00:00:00,45.79,2,Apparel
TX101264,C0280,2026-07-21 00:00:00,144.33,3,Sports & Outdoors
TX101684,C0374,2026-07-21 00:00:00,73.88,4,Electronics
TX101689,C0376,2026-07-21 00:00:00,414.44,3,Apparel
TX102102,C0454,2026-07-21 00:00:00,129.94,5,Apparel
TX102265,C0480,2026-07-21 00:00:00,144.61,9,Electronics
TX102657,C0565,2026-07-21 00:00:00,62.19,5,Sports & Outdoors
TX102806,C0593,2026-07-21 00:00:00,262.26,10,Electronics
TX102892,C0614,2026-07-21 00:00:00,242.44,9,Beauty & Personal Care
TX102965,C0624,2026-07-21 00:00:00,20.77,1,Home & Kitchen
TX103143,C0665,2026-07-21 00:00:00,197.06,6,Home & Kitchen
TX103597,C0769,2026-07-21 00:00:00,174.03,6,Electronics
TX104431,C0962,2026-07-21 00:00:00,67.9,1,Electronics
TX104499,C0975,2026-07-21 00:00:00,275.33,3,Electronics
TX100095,C0024,2026-07-22 00:00:00,140.58,10,Apparel
TX100357,C0085,2026-07-22 00:00:00,62.71,3,Books
TX101183,C0263,2026-07-22 00:00:00,117.63,8,Books
TX101530,C0336,2026-07-22 00:00:00,28.82,1,Electronics
TX101559,C0343,2026-07-22 00:00:00,480.0,6,Sports & Outdoors
TX101989,C0434,2026-07-22 00:00:00,179.45,7,Home & Kitchen
TX102957,C0623,2026-07-22 00:00:00,69.37,1,Home & Kitchen
TX103500,C0747,2026-07-22 00:00:00,127.5,5,Sports & Outdoors
TX103592,C0769,2026-07-22 00:00:00,445.44,4,Apparel
TX103633,C0776,2026-07-22 00:00:00,27.98,3,Home & Kitchen
TX100433,C0099,2026-07-23 00:00:00,96.37,2,Home & Kitchen
TX100513,C0116,2026-07-23 00:00:00,124.85,5,Electronics
TX100708,C0159,2026-07-23 00:00:00,398.39,10,Electronics
TX100750,C0170,2026-07-23 00:00:00,86.64,1,Apparel
TX101157,C0258,2026-07-23 00:00:00,57.17,2,Books
TX101432,C0318,2026-07-23 00:00:00,335.66,5,Beauty & Personal Care
TX101497,C0327,2026-07-23 00:00:00,93.73,5,Home & Kitchen
TX101545,C0340,2026-07-23 00:00:00,99.43,1,Apparel
TX101676,C0372,2026-07-23 00:00:00,107.26,3,Apparel
TX101732,C0380,2026-07-23 00:00:00,73.88,3,Home & Kitchen
TX101881,C0415,2026-07-23 00:00:00,168.54,8,Home & Kitchen
TX101907,C0419,2026-07-23 00:00:00,215.92,9,Electronics
TX102219,C0474,2026-07-23 00:00:00,79.93,5,Electronics
TX103001,C0634,2026-07-23 00:00:00,108.01,4,Electronics
TX103788,C0815,2026-07-23 00:00:00,482.65,8,Electronics
TX103900,C0839,2026-07-23 00:00:00,203.0,10,Home & Kitchen
TX104015,C0871,2026-07-23 00:00:00,118.89,10,Electronics
TX104300,C0933,2026-07-23 00:00:00,212.74,10,Apparel
TX101236,C0276,2026-07-24 00:00:00,103.41,3,Apparel
TX101648,C0367,2026-07-24 00:00:00,71.36,4,Beauty & Personal Care
TX101649,C0367,2026-07-24 00:00:00,206.06,8,Apparel
TX102028,C0442,2026-07-24 00:00:00,442.61,7,Home & Kitchen
TX102386,C0505,2026-07-24 00:00:00,99.46,3,Books
TX102688,C0575,2026-07-24 00:00:00,251.08,3,Sports & Outdoors
TX102691,C0575,2026-07-24 00:00:00,301.6,7,Apparel
TX103139,C0664,2026-07-24 00:00:00,167.33,8,Books
TX103314,C0701,2026-07-24 00:00:00,114.98,4,Home & Kitchen
TX103843,C0825,2026-07-24 00:00:00,416.67,9,Electronics
TX104032,C0875,2026-07-24 00:00:00,296.29,3,Apparel
TX104356,C0948,2026-07-24 00:00:00,144.33,7,Home & Kitchen
TX104363,C0948,2026-07-24 00:00:00,156.25,7,Apparel
TX104479,C0971,2026-07-24 00:00:00,112.33,4,Apparel
TX100121,C0030,2026-07-25 00:00:00,134.11,7,Electronics
TX100742,C0167,2026-07-25 00:00:00,59.51,4,Electronics
TX101039,C0233,2026-07-25 00:00:00,109.03,7,Books
TX102303,C0488,2026-07-25 00:00:00,374.01,4,Apparel
TX102471,C0520,2026-07-25 00:00:00,139.75,8,Electronics
TX103055,C0650,2026-07-25 00:00:00,104.07,6,Sports & Outdoors
TX103986,C0865,2026-07-25 00:00:00,82.96,4,Apparel
TX104395,C0955,2026-07-25 00:00:00,80.05,2,Apparel
TX100411,C0097,2026-07-26 00:00:00,217.18,10,Electronics
TX100808,C0178,2026-07-26 00:00:00,427.13,9,Home & Kitchen
TX101208,C0269,2026-07-26 00:00:00,250.79,3,Electronics
TX101426,C0317,2026-07-26 00:00:00,480.11,6,Apparel
TX101439,C0318,2026-07-26 00:00:00,360.37,6,Electronics
TX101978,C0431,2026-07-26 00:00:00,96.92,4,Home & Kitchen
TX102048,C0445,2026-07-26 00:00:00,80.68,4,Apparel
TX102184,C0468,2026-07-26 00:00:00,445.94,6,Books
TX102469,C0520,2026-07-26 00:00:00,222.61,5,Home & Kitchen
TX102774,C0590,2026-07-26 00:00:00,181.58,10,Apparel
TX103274,C0695,2026-07-26 00:00:00,67.92,3,Beauty & Personal Care
TX103491,C0745,2026-07-26 00:00:00,96.04,5,Home & Kitchen
TX104092,C0887,2026-07-26 00:00:00,346.36,4,Apparel
TX101364,C0307,2026-07-27 00:00:00,497.19,7,Electronics
TX102520,C0530,2026-07-27 00:00:00,28.11,2,Apparel
TX102735,C0583,2026-07-27 00:00:00,62.63,3,Electronics
TX102860,C0602,2026-07-27 00:00:00,171.28,4,Electronics
TX103025,C0639,2026-07-27 00:00:00,58.6,5,Home & Kitchen
TX103105,C0661,2026-07-27 00:00:00,473.99,10,Electronics
TX103168,C0670,2026-07-27 00:00:00,33.61,1,Apparel
TX104217,C0912,2026-07-27 00:00:00,64.59,2,Home & Kitchen
TX104309,C0937,2026-07-27 00:00:00,122.97,8,Beauty & Personal Care
TX104461,C0969,2026-07-27 00:00:00,351.08,7,Electronics
TX100138,C0035,2026-07-28 00:00:00,27.4,1,Apparel
TX100256,C0061,2026-07-28 00:00:00,42.21,3,Electronics
TX100468,C0107,2026-07-28 00:00:00,116.55,10,Books
TX101459,C0321,2026-07-28 00:00:00,174.93,5,Electronics
TX101756,C0385,2026-07-28 00:00:00,409.22,8,Books
TX102115,C0455,2026-07-28 00:00:00,123.45,10,Sports & Outdoors
TX102171,C0467,2026-07-28 00:00:00,45.22,1,Electronics
TX102300,C0488,2026-07-28 00:00:00,303.66,10,Apparel
TX102551,C0537,2026-07-28 00:00:00,67.75,4,Apparel
TX102765,C0589,2026-07-28 00:00:00,61.35,3,Home & Kitchen
TX102809,C0593,2026-07-28 00:00:00,412.25,3,Electronics
TX103336,C0708,2026-07-28 00:00:00,73.48,4,Home & Kitchen
TX103654,C0782,2026-07-28 00:00:00,219.9,9,Electronics
TX103952,C0854,2026-07-28 00:00:00,141.78,9,Apparel
TX104127,C0894,2026-07-28 00:00:00,447.73,10,Electronics
TX104568,C0986,2026-07-28 00:00:00,192.61,5,Apparel
TX100038,C0010,2026-07-29 00:00:00,240.64,6,Apparel
TX100985,C0221,2026-07-29 00:00:00,58.2,3,Beauty & Personal Care
TX101864,C0413,2026-07-29 00:00:00,99.68,3,Beauty & Personal Care
TX101956,C0427,2026-07-29 00:00:00,23.52,5,Electronics
TX102020,C0441,2026-07-29 00:00:00,190.26,6,Electronics
TX102106,C0454,2026-07-29 00:00:00,109.46,4,Home & Kitchen
TX102571,C0543,2026-07-29 00:00:00,44.77,3,Sports & Outdoors
TX102611,C0549,2026-07-29 00:00:00,253.44,8,Home & Kitchen
TX102763,C0588,2026-07-29 00:00:00,48.04,1,Books
TX102797,C0592,2026-07-29 00:00:00,203.02,4,Electronics
TX102946,C0621,2026-07-29 00:00:00,45.87,5,Home & Kitchen
TX102983,C0629,2026-07-29 00:00:00,26.73,1,Electronics
TX103374,C0716,2026-07-29 00:00:00,52.68,5,Apparel
TX103833,C0823,2026-07-29 00:00:00,94.98,1,Beauty & Personal Care
TX104316,C0940,2026-07-29 00:00:00,176.4,3,Sports & Outdoors
TX104434,C0963,2026-07-29 00:00:00,29.98,5,Home & Kitchen
TX100045,C0011,2026-07-30 00:00:00,68.37,5,Beauty & Personal Care
TX100298,C0070,2026-07-30 00:00:00,357.61,10,Electronics
TX100395,C0095,2026-07-30 00:00:00,111.85,4,Beauty & Personal Care
TX100477,C0108,2026-07-30 00:00:00,21.59,2,Beauty & Personal Care
TX100523,C0117,2026-07-30 00:00:00,88.09,5,Beauty & Personal Care
TX100566,C0128,2026-07-30 00:00:00,94.15,1,Apparel
TX100870,C0192,2026-07-30 00:00:00,162.13,9,Beauty & Personal Care
TX101085,C0241,2026-07-30 00:00:00,189.9,7,Apparel
TX101830,C0401,2026-07-30 00:00:00,100.6,6,Home & Kitchen
TX101868,C0414,2026-07-30 00:00:00,84.47,5,Books
TX102206,C0471,2026-07-30 00:00:00,109.87,3,Books
TX102315,C0490,2026-07-30 00:00:00,26.73,2,Sports & Outdoors
TX102566,C0541,2026-07-30 00:00:00,79.99,5,Apparel
TX102902,C0614,2026-07-30 00:00:00,289.65,7,Apparel
TX103299,C0698,2026-07-30 00:00:00,227.79,5,Books
TX103733,C0800,2026-07-30 00:00:00,312.97,7,Books
TX103772,C0810,2026-07-30 00:00:00,84.58,3,Apparel
TX104225,C0913,2026-07-30 00:00:00,117.0,3,Apparel
TX104242,C0917,2026-07-30 00:00:00,47.23,4,Beauty & Personal Care
TX100184,C0048,2026-07-31 00:00:00,40.81,1,Electronics
TX100213,C0055,2026-07-31 00:00:00,354.28,10,Apparel
TX100313,C0074,2026-07-31 00:00:00,190.5,7,Apparel
TX100568,C0128,2026-07-31 00:00:00,175.3,9,Home & Kitchen
TX100586,C0133,2026-07-31 00:00:00,115.26,10,Electronics
TX100922,C0205,2026-07-31 00:00:00,104.84,3,Apparel
TX101466,C0323,2026-07-31 00:00:00,400.1,10,Electronics
TX101668,C0371,2026-07-31 00:00:00,92.13,5,Apparel
TX101824,C0399,2026-07-31 00:00:00,30.38,5,Electronics
TX102121,C0456,2026-07-31 00:00:00,116.12,4,Electronics
TX102157,C0463,2026-07-31 00:00:00,427.76,4,Apparel
TX102367,C0500,2026-07-31 00:00:00,116.67,9,Home & Kitchen
TX102897,C0614,2026-07-31 00:00:00,465.68,4,Electronics
TX103031,C0641,2026-07-31 00:00:00,75.67,2,Home & Kitchen
TX104438,C0964,2026-07-31 00:00:00,447.43,3,Beauty & Personal Care
TX104628,C0994,2026-07-31 00:00:00,106.74,5,Sports & Outdoors
TX100127,C0032,2026-08-01 00:00:00,97.05,5,Apparel
TX100841,C0189,2026-08-01 00:00:00,83.11,2,Apparel
TX101027,C0231,2026-08-01 00:00:00,102.67,5,Electronics
TX101532,C0337,2026-08-01 00:00:00,21.85,1,Electronics
TX101632,C0361,2026-08-01 00:00:00,68.09,4,Home & Kitchen
TX101664,C0370,2026-08-01 00:00:00,117.56,3,Apparel
TX102055,C0447,2026-08-01 00:00:00,106.41,8,Home & Kitchen
TX102131,C0459,2026-08-01 00:00:00,66.57,2,Sports & Outdoors
TX102238,C0477,2026-08-01 00:00:00,358.35,10,Apparel
TX102619,C0552,2026-08-01 00:00:00,41.59,5,Sports & Outdoors
TX102945,C0620,2026-08-01 00:00:00,152.01,4,Books
TX103041,C0643,2026-08-01 00:00:00,68.08,4,Electronics
TX103551,C0758,2026-08-01 00:00:00,201.27,4,Home & Kitchen
TX104424,C0959,2026-08-01 00:00:00,107.85,3,Beauty & Personal Care
TX101357,C0305,2026-08-02 00:00:00,41.78,1,Home & Kitchen
TX101542,C0339,2026-08-02 00:00:00,78.52,2,Apparel
TX101737,C0381,2026-08-02 00:00:00,63.09,3,Apparel
TX102374,C0503,2026-08-02 00:00:00,98.33,2,Apparel
TX102622,C0553,2026-08-02 00:00:00,95.7,3,Beauty & Personal Care
TX102706,C0578,2026-08-02 00:00:00,111.17,3,Home & Kitchen
TX103247,C0688,2026-08-02 00:00:00,132.64,4,Apparel
TX103401,C0724,2026-08-02 00:00:00,80.95,3,Apparel
TX103632,C0775,2026-08-02 00:00:00,161.91,4,Home & Kitchen
TX103639,C0778,2026-08-02 00:00:00,73.85,1,Books
TX103817,C0820,2026-08-02 00:00:00,497.7,5,Electronics
TX104118,C0893,2026-08-02 00:00:00,234.99,5,Beauty & Personal Care
TX104450,C0964,2026-08-02 00:00:00,261.4,3,Apparel
TX100275,C0066,2026-08-03 00:00:00,47.72,1,Home & Kitchen
TX100422,C0098,2026-08-03 00:00:00,232.19,8,Sports & Outdoors
TX101353,C0304,2026-08-03 00:00:00,66.72,5,Electronics
TX101841,C0404,2026-08-03 00:00:00,65.66,3,Apparel
TX101856,C0411,2026-08-03 00:00:00,117.07,8,Sports & Outdoors
TX102034,C0442,2026-08-03 00:00:00,180.88,8,Home & Kitchen
TX102134,C0461,2026-08-03 00:00:00,95.73,4,Beauty & Personal Care
TX102368,C0500,2026-08-03 00:00:00,76.66,2,Electronics
TX102464,C0518,2026-08-03 00:00:00,75.17,2,Electronics
TX102713,C0579,2026-08-03 00:00:00,44.66,2,Home & Kitchen
TX102812,C0594,2026-08-03 00:00:00,79.35,1,Home & Kitchen
TX103050,C0647,2026-08-03 00:00:00,22.77,3,Beauty & Personal Care
TX103436,C0731,2026-08-03 00:00:00,94.27,1,Home & Kitchen
TX103537,C0754,2026-08-03 00:00:00,155.77,7,Electronics
TX103722,C0798,2026-08-03 00:00:00,36.72,1,Apparel
TX104165,C0898,2026-08-03 00:00:00,41.57,2,Apparel
TX100135,C0034,2026-08-04 00:00:00,17.76,2,Apparel
TX100283,C0069,2026-08-04 00:00:00,29.45,2,Apparel
TX100707,C0159,2026-08-04 00:00:00,222.27,6,Apparel
TX100940,C0209,2026-08-04 00:00:00,93.74,4,Apparel
TX101313,C0290,2026-08-04 00:00:00,110.43,3,Apparel
TX102180,C0468,2026-08-04 00:00:00,266.0,4,Home & Kitchen
TX102634,C0557,2026-08-04 00:00:00,95.23,1,Electronics
TX103396,C0723,2026-08-04 00:00:00,66.33,1,Home & Kitchen
TX103616,C0772,2026-08-04 00:00:00,28.5,5,Apparel
TX103945,C0851,2026-08-04 00:00:00,75.52,5,Electronics
TX104066,C0883,2026-08-04 00:00:00,46.19,2,Apparel
TX104229,C0914,2026-08-04 00:00:00,82.32,5,Electronics
TX100423,C0098,2026-08-05 00:00:00,384.78,3,Electronics
TX100974,C0217,2026-08-05 00:00:00,92.06,3,Apparel
TX101026,C0231,2026-08-05 00:00:00,222.13,9,Electronics
TX101189,C0265,2026-08-05 00:00:00,172.2,8,Books
TX101507,C0330,2026-08-05 00:00:00,89.51,3,Home & Kitchen
TX101717,C0379,2026-08-05 00:00:00,320.46,7,Sports & Outdoors
TX102031,C0442,2026-08-05 00:00:00,238.08,5,Electronics
TX102231,C0477,2026-08-05 00:00:00,281.25,9,Apparel
TX102603,C0549,2026-08-05 00:00:00,197.77,3,Electronics
TX103307,C0698,2026-08-05 00:00:00,204.0,5,Electronics
TX103805,C0819,2026-08-05 00:00:00,116.11,4,Apparel
TX103994,C0867,2026-08-05 00:00:00,30.51,2,Home & Kitchen
TX104047,C0876,2026-08-05 00:00:00,52.78,3,Electronics
TX104391,C0954,2026-08-05 00:00:00,21.88,3,Home & Kitchen
TX104440,C0964,2026-08-05 00:00:00,201.36,5,Apparel
TX104538,C0980,2026-08-05 00:00:00,114.24,3,Home & Kitchen
TX100005,C0002,2026-08-06 00:00:00,47.81,5,Beauty & Personal Care
TX100289,C0070,2026-08-06 00:00:00,446.12,4,Apparel
TX100581,C0132,2026-08-06 00:00:00,63.54,5,Sports & Outdoors
TX100612,C0138,2026-08-06 00:00:00,365.06,10,Electronics
TX101480,C0324,2026-08-06 00:00:00,33.99,5,Apparel
TX101599,C0354,2026-08-06 00:00:00,442.22,10,Electronics
TX101693,C0376,2026-08-06 00:00:00,346.44,7,Home & Kitchen
TX102186,C0468,2026-08-06 00:00:00,346.97,10,Apparel
TX102375,C0503,2026-08-06 00:00:00,111.95,9,Beauty & Personal Care
TX102734,C0583,2026-08-06 00:00:00,61.95,5,Electronics
TX103728,C0800,2026-08-06 00:00:00,405.65,7,Apparel
TX104021,C0872,2026-08-06 00:00:00,191.79,3,Electronics
TX100017,C0004,2026-08-07 00:00:00,260.77,8,Sports & Outdoors
TX100029,C0008,2026-08-07 00:00:00,109.59,10,Books
TX100225,C0055,2026-08-07 00:00:00,228.9,8,Beauty & Personal Care
TX100442,C0100,2026-08-07 00:00:00,213.2,4,Electronics
TX100793,C0177,2026-08-07 00:00:00,185.11,9,Home & Kitchen
TX100813,C0179,2026-08-07 00:00:00,89.83,2,Electronics
TX100850,C0191,2026-08-07 00:00:00,353.13,3,Beauty & Personal Care
TX101083,C0241,2026-08-07 00:00:00,132.25,8,Books
TX101109,C0247,2026-08-07 00:00:00,353.43,3,Home & Kitchen
TX101222,C0273,2026-08-07 00:00:00,42.03,2,Apparel
TX101416,C0317,2026-08-07 00:00:00,445.66,10,Beauty & Personal Care
TX102087,C0452,2026-08-07 00:00:00,72.9,2,Electronics
TX102436,C0512,2026-08-07 00:00:00,106.38,6,Sports & Outdoors
TX102624,C0553,2026-08-07 00:00:00,81.0,3,Electronics
TX102850,C0600,2026-08-07 00:00:00,207.89,8,Apparel
TX103442,C0733,2026-08-07 00:00:00,114.53,7,Electronics
TX103667,C0784,2026-08-07 00:00:00,101.81,7,Apparel
TX103825,C0820,2026-08-07 00:00:00,420.94,4,Apparel
TX104177,C0901,2026-08-07 00:00:00,142.61,8,Beauty & Personal Care
TX104292,C0932,2026-08-07 00:00:00,405.86,7,Electronics
TX100153,C0041,2026-08-08 00:00:00,23.93,4,Home & Kitchen
TX100271,C0064,2026-08-08 00:00:00,117.38,7,Apparel
TX100714,C0159,2026-08-08 00:00:00,471.61,8,Books
TX101063,C0238,2026-08-08 00:00:00,78.51,1,Electronics
TX101299,C0287,2026-08-08 00:00:00,69.62,2,Home & Kitchen
TX101344,C0301,2026-08-08 00:00:00,109.32,7,Beauty & Personal Care
TX101698,C0376,2026-08-08 00:00:00,338.51,5,Electronics
TX102275,C0482,2026-08-08 00:00:00,98.43,2,Apparel
TX102320,C0491,2026-08-08 00:00:00,39.37,2,Apparel
TX102854,C0601,2026-08-08 00:00:00,98.36,1,Electronics
TX102858,C0602,2026-08-08 00:00:00,384.57,10,Electronics
TX103523,C0751,2026-08-08 00:00:00,93.86,1,Sports & Outdoors
TX103625,C0775,2026-08-08 00:00:00,145.85,4,Apparel
TX103938,C0849,2026-08-08 00:00:00,21.93,2,Beauty & Personal Care
TX104057,C0880,2026-08-08 00:00:00,66.76,2,Apparel
TX104230,C0914,2026-08-08 00:00:00,216.24,7,Beauty & Personal Care
TX104495,C0974,2026-08-08 00:00:00,115.01,3,Electronics
TX100049,C0012,2026-08-09 00:00:00,51.91,4,Home & Kitchen
TX100101,C0024,2026-08-09 00:00:00,246.88,7,Apparel
TX100324,C0074,2026-08-09 00:00:00,247.61,10,Electronics
TX100721,C0161,2026-08-09 00:00:00,48.7,3,Electronics
TX100815,C0181,2026-08-09 00:00:00,61.31,2,Electronics
TX101114,C0247,2026-08-09 00:00:00,249.26,7,Apparel
TX101174,C0260,2026-08-09 00:00:00,177.42,3,Electronics
TX101526,C0335,2026-08-09 00:00:00,34.75,3,Electronics
TX101589,C0352,2026-08-09 00:00:00,79.02,2,Apparel
TX102777,C0590,2026-08-09 00:00:00,314.07,4,Apparel
TX103635,C0776,2026-08-09 00:00:00,83.03,2,Beauty & Personal Care
TX104176,C0901,2026-08-09 00:00:00,149.31,3,Home & Kitchen
TX104465,C0969,2026-08-09 00:00:00,327.11,6,Beauty & Personal Care
TX104626,C0994,2026-08-09 00:00:00,29.78,3,Sports & Outdoors
TX100231,C0057,2026-08-10 00:00:00,74.62,2,Apparel
TX100533,C0120,2026-08-10 00:00:00,25.99,3,Apparel
TX100657,C0147,2026-08-10 00:00:00,33.72,1,Apparel
TX101343,C0301,2026-08-10 00:00:00,54.78,1,Beauty & Personal Care
TX101423,C0317,2026-08-10 00:00:00,396.79,8,Electronics
TX101818,C0397,2026-08-10 00:00:00,18.21,3,Apparel
TX102026,C0442,2026-08-10 00:00:00,416.58,6,Electronics
TX102701,C0575,2026-08-10 00:00:00,470.36,10,Books
TX102912,C0616,2026-08-10 00:00:00,110.38,5,Apparel
TX103356,C0714,2026-08-10 00:00:00,279.84,10,Books
TX103556,C0758,2026-08-10 00:00:00,225.19,8,Home & Kitchen
TX104054,C0879,2026-08-10 00:00:00,119.74,5,Apparel
TX104341,C0944,2026-08-10 00:00:00,193.74,4,Home & Kitchen
TX100270,C0064,2026-08-11 00:00:00,132.54,10,Electronics
TX100348,C0083,2026-08-11 00:00:00,66.97,1,Sports & Outdoors
TX100630,C0145,2026-08-11 00:00:00,368.4,10,Apparel
TX101528,C0335,2026-08-11 00:00:00,60.93,1,Apparel
TX101652,C0368,2026-08-11 00:00:00,21.83,4,Home & Kitchen
TX101886,C0415,2026-08-11 00:00:00,285.61,9,Apparel
TX102484,C0523,2026-08-11 00:00:00,31.88,3,Books
TX102845,C0600,2026-08-11 00:00:00,180.03,3,Electronics
TX103355,C0714,2026-08-11 00:00:00,283.05,8,Electronics
TX104042,C0875,2026-08-11 00:00:00,250.7,6,Apparel
TX104121,C0893,2026-08-11 00:00:00,245.69,9,Home & Kitchen
TX104625,C0993,2026-08-11 00:00:00,180.24,10,Electronics
TX101023,C0230,2026-08-12 00:00:00,21.72,5,Apparel
TX101088,C0242,2026-08-12 00:00:00,72.52,2,Beauty & Personal Care
TX101226,C0273,2026-08-12 00:00:00,72.69,3,Beauty & Personal Care
TX101821,C0398,2026-08-12 00:00:00,54.14,3,Sports & Outdoors
TX102256,C0479,2026-08-12 00:00:00,69.15,5,Apparel
TX102330,C0495,2026-08-12 00:00:00,117.07,7,Electronics
TX102412,C0510,2026-08-12 00:00:00,103.75,8,Beauty & Personal Care
TX102752,C0587,2026-08-12 00:00:00,376.57,6,Electronics
TX103251,C0689,2026-08-12 00:00:00,269.59,9,Home & Kitchen
TX104448,C0964,2026-08-12 00:00:00,380.37,6,Electronics
TX100717,C0159,2026-08-13 00:00:00,366.21,9,Apparel
TX100965,C0215,2026-08-13 00:00:00,45.25,5,Sports & Outdoors
TX101281,C0284,2026-08-13 00:00:00,151.91,10,Home & Kitchen
TX102788,C0591,2026-08-13 00:00:00,101.58,9,Apparel
TX102855,C0602,2026-08-13 00:00:00,427.39,6,Electronics
TX102893,C0614,2026-08-13 00:00:00,381.11,3,Electronics
TX102948,C0621,2026-08-13 00:00:00,20.29,4,Apparel
TX103136,C0664,2026-08-13 00:00:00,240.87,8,Electronics
TX103878,C0832,2026-08-13 00:00:00,176.11,3,Apparel
TX104082,C0886,2026-08-13 00:00:00,150.32,7,Books
TX104163,C0897,2026-08-13 00:00:00,210.31,6,Electronics
TX104419,C0958,2026-08-13 00:00:00,245.91,8,Beauty & Personal Care
TX100223,C0055,2026-08-14 00:00:00,221.65,8,Electronics
TX100441,C0100,2026-08-14 00:00:00,224.34,3,Apparel
TX100519,C0116,2026-08-14 00:00:00,239.29,4,Apparel
TX100576,C0130,2026-08-14 00:00:00,52.42,4,Sports & Outdoors
TX100872,C0193,2026-08-14 00:00:00,95.3,1,Electronics
TX101414,C0317,2026-08-14 00:00:00,349.91,10,Apparel
TX101833,C0402,2026-08-14 00:00:00,167.47,9,Electronics
TX102218,C0474,2026-08-14 00:00:00,78.96,5,Sports & Outdoors
TX102327,C0495,2026-08-14 00:00:00,207.88,6,Electronics
TX102522,C0532,2026-08-14 00:00:00,83.08,5,Electronics
TX102779,C0590,2026-08-14 00:00:00,353.89,5,Sports & Outdoors
TX103026,C0640,2026-08-14 00:00:00,97.64,5,Electronics
TX103140,C0664,2026-08-14 00:00:00,385.92,3,Beauty & Personal Care
TX103403,C0725,2026-08-14 00:00:00,112.23,5,Electronics
TX103792,C0815,2026-08-14 00:00:00,210.51,3,Apparel
TX101218,C0272,2026-08-15 00:00:00,45.73,4,Apparel
TX101229,C0274,2026-08-15 00:00:00,125.22,4,Apparel
TX101354,C0305,2026-08-15 00:00:00,86.08,3,Beauty & Personal Care
TX101556,C0342,2026-08-15 00:00:00,107.74,4,Apparel
TX101711,C0378,2026-08-15 00:00:00,45.59,3,Electronics
TX102775,C0590,2026-08-15 00:00:00,343.83,4,Apparel
TX102783,C0590,2026-08-15 00:00:00,448.85,4,Home & Kitchen
TX103629,C0775,2026-08-15 00:00:00,90.38,4,Sports & Outdoors
TX104003,C0869,2026-08-15 00:00:00,300.5,4,Apparel
TX104140,C0895,2026-08-15 00:00:00,199.91,5,Home & Kitchen
TX100718,C0159,2026-08-16 00:00:00,380.68,4,Apparel
TX101059,C0237,2026-08-16 00:00:00,88.15,2,Books
TX101643,C0366,2026-08-16 00:00:00,103.79,5,Electronics
TX101758,C0385,2026-08-16 00:00:00,275.95,7,Apparel
TX102648,C0561,2026-08-16 00:00:00,150.09,9,Sports & Outdoors
TX102739,C0585,2026-08-16 00:00:00,315.51,3,Home & Kitchen
TX103505,C0748,2026-08-16 00:00:00,119.29,6,Beauty & Personal Care
TX103650,C0781,2026-08-16 00:00:00,40.56,4,Electronics
TX103762,C0806,2026-08-16 00:00:00,221.57,9,Home & Kitchen
TX104249,C0920,2026-08-16 00:00:00,66.88,4,Electronics
TX100234,C0057,2026-08-17 00:00:00,189.66,5,Apparel
TX100353,C0084,2026-08-17 00:00:00,117.41,4,Beauty & Personal Care
TX101155,C0256,2026-08-17 00:00:00,34.66,1,Electronics
TX101847,C0406,2026-08-17 00:00:00,116.59,8,Beauty & Personal Care
TX102036,C0442,2026-08-17 00:00:00,443.9,10,Apparel
TX102974,C0625,2026-08-17 00:00:00,213.0,3,Apparel
TX103170,C0670,2026-08-17 00:00:00,119.6,10,Apparel
TX103658,C0782,2026-08-17 00:00:00,226.67,4,Apparel
TX103855,C0827,2026-08-17 00:00:00,35.46,2,Home & Kitchen
TX104077,C0885,2026-08-17 00:00:00,66.94,2,Apparel
TX104096,C0887,2026-08-17 00:00:00,433.35,5,Books
TX104619,C0993,2026-08-17 00:00:00,409.95,8,Apparel
TX100074,C0018,2026-08-18 00:00:00,77.42,4,Electronics
TX100188,C0049,2026-08-18 00:00:00,65.31,1,Books
TX102223,C0475,2026-08-18 00:00:00,52.42,2,Home & Kitchen
TX102371,C0501,2026-08-18 00:00:00,29.45,2,Books
TX102540,C0535,2026-08-18 00:00:00,134.42,4,Beauty & Personal Care
TX102721,C0581,2026-08-18 00:00:00,190.42,4,Electronics
TX102863,C0603,2026-08-18 00:00:00,70.92,3,Sports & Outdoors
TX103940,C0849,2026-08-18 00:00:00,23.93,3,Home & Kitchen
TX103950,C0853,2026-08-18 00:00:00,31.79,4,Electronics
TX100077,C0019,2026-08-19 00:00:00,97.13,4,Apparel
TX100632,C0145,2026-08-19 00:00:00,424.03,10,Apparel
TX101399,C0314,2026-08-19 00:00:00,28.38,1,Home & Kitchen
TX101585,C0351,2026-08-19 00:00:00,110.82,8,Books
TX101970,C0429,2026-08-19 00:00:00,92.93,5,Apparel
TX102041,C0443,2026-08-19 00:00:00,66.44,2,Electronics
TX102089,C0453,2026-08-19 00:00:00,274.98,4,Apparel
TX103011,C0637,2026-08-19 00:00:00,210.64,6,Apparel
TX103553,C0758,2026-08-19 00:00:00,242.42,8,Beauty & Personal Care
TX103885,C0833,2026-08-19 00:00:00,112.47,10,Apparel
TX104058,C0880,2026-08-19 00:00:00,90.61,1,Home & Kitchen
TX104174,C0901,2026-08-19 00:00:00,73.44,3,Electronics
TX104381,C0950,2026-08-19 00:00:00,176.18,6,Electronics
